# Pathway	C1	C2	C3	C4	C5	C6	N1	N2	N3	N4	N5	N6
UNMAPPED	0.554156	0.727329	0	0.544492	0.515331	0.470542	0.70181	0	0.480272	0.405627	0.446328	0.670483
UNINTEGRATED	0.429951	0.270461	0	0.427484	0.449159	0.494579	0.292375	0	0.484668	0.547585	0.50585	0.324887
UNINTEGRATED|g__Aggregatibacter.s__Aggregatibacter_segnis	0	0	0	0	0.134749	0	0	0	0	0	0	0
UNINTEGRATED|g__Capnocytophaga.s__Capnocytophaga_leadbetteri	0	0	0	0	0.0557422	0	0	0	0	0	0	0
UNINTEGRATED|g__Fusobacterium.s__Fusobacterium_nucleatum	0.192965	0	0	0	0.218378	0	0	0	0	0	0	0
UNINTEGRATED|g__Gemella.s__Gemella_sanguinis	0	0	0	0	0	0	0	0	0.0279347	0	0	0
UNINTEGRATED|g__Haemophilus.s__Haemophilus_influenzae	0	0	0	0	0	0	0	0	0	0	0.0205955	0
UNINTEGRATED|g__Haemophilus.s__Haemophilus_parahaemolyticus	0	0	0	0.00665224	0	0	0	0	0	0.0863003	0	0
UNINTEGRATED|g__Haemophilus.s__Haemophilus_parainfluenzae	0	0	0	0	0	0.0187695	0	0	0.0201565	0.00914447	0.15067	0.00422212
UNINTEGRATED|g__Neisseria.s__Neisseria_flavescens	0	0	0	0.0755196	0	0	0	0	0.0527117	0.0599966	0.0112308	0
UNINTEGRATED|g__Neisseria.s__Neisseria_meningitidis	0	0	0	0.020525	0	0	0	0	0.019969	0.0184924	0	0
UNINTEGRATED|g__Neisseria.s__Neisseria_subflava	0	0	0	0.0872513	0	0	0	0	0.0699179	0.0547318	0	0
UNINTEGRATED|g__Prevotella.s__Prevotella_melaninogenica	0	0	0	0	0	0.2078	0	0	0	0	0	0
UNINTEGRATED|g__Rothia.s__Rothia_mucilaginosa	0	0	0	0	0	0	0	0	0	0	0.0785047	0
UNINTEGRATED|g__Sphingomonas.s__Sphingomonas_melonis	0	0.089043	0	0	0	0	0	0	0	0	0	0
UNINTEGRATED|g__Streptococcus.s__Streptococcus_australis	0	0	0	0	0	0	0	0	0.0236579	0	0	0
UNINTEGRATED|g__Streptococcus.s__Streptococcus_infantis	0	0	0	0	0	0	0	0	0.0205871	0	0	0
UNINTEGRATED|g__Streptococcus.s__Streptococcus_mitis	0	0	0	0	0	0	0.0794741	0	0	0.0566301	0.0112185	0
UNINTEGRATED|g__Streptococcus.s__Streptococcus_sp_A12	0	0	0	0	0	0	0	0	0.0120226	0	0	0
UNINTEGRATED|g__Veillonella.s__Veillonella_atypica	0	0	0	0	0	0.103908	0	0	0	0	0	0
UNINTEGRATED|g__Veillonella.s__Veillonella_dispar	0	0	0	0	0	0	0	0	0	0	0.00940166	0
UNINTEGRATED|g__Veillonella.s__Veillonella_infantium	0	0	0	0	0	0	0	0	0	0	0.0098324	0
UNINTEGRATED|g__Veillonella.s__Veillonella_rogosae	0	0	0	0	0	0	0	0	0	0	0.0436441	0
UNINTEGRATED|unclassified	0.172812	0	0	0.0842561	0.0688405	0	0.0950207	0	0.0837985	0.0964578	0.0591611	0.107594
1CMET2-PWY: folate transformations III (E. coli)	0	0	0	0.000236778	0	0.000550377	0	0	0.000301176	0.000296318	0.000330043	0
1CMET2-PWY: folate transformations III (E. coli)|g__Prevotella.s__Prevotella_melaninogenica	0	0	0	0	0	0.000330564	0	0	0	0	0	0
ANAEROFRUCAT-PWY: homolactic fermentation	0	0	0	0.00025071	0.000307595	0.000380903	0	0	0.000293083	0.000264384	0.00020027	0
ANAGLYCOLYSIS-PWY: glycolysis III (from glucose)	0.000286168	0	0	0.000326544	0.000452588	0.00061687	0	0	0.000481691	0.000350605	0.00025128	0
ANAGLYCOLYSIS-PWY: glycolysis III (from glucose)|g__Streptococcus.s__Streptococcus_infantis	0	0	0	0	0	0	0	0	9.58084e-05	0	0	0
ARGININE-SYN4-PWY: L-ornithine biosynthesis II	0	0	0	0	0.000189967	0	0	0	0	0	0	0
ARGSYN-PWY: L-arginine biosynthesis I (via L-ornithine)	0	0	0	0	0	0	0	0	0	0.000233169	0	0
ARGSYNBSUB-PWY: L-arginine biosynthesis II (acetyl cycle)	0	0	0	0	0	0	0	0	0.000215802	0.000273895	0	0
ARGSYNBSUB-PWY: L-arginine biosynthesis II (acetyl cycle)|g__Neisseria.s__Neisseria_flavescens	0	0	0	0	0	0	0	0	0	6.7728e-05	0	0
ARGSYNBSUB-PWY: L-arginine biosynthesis II (acetyl cycle)|g__Neisseria.s__Neisseria_subflava	0	0	0	0	0	0	0	0	0	9.18048e-05	0	0
ARO-PWY: chorismate biosynthesis I	0.000341933	0	0	0	0.000238949	0.000348522	0	0	0.000355811	0.000416367	0.000365467	0
ARO-PWY: chorismate biosynthesis I|g__Haemophilus.s__Haemophilus_parainfluenzae	0	0	0	0	0	0	0	0	0	0	0.000184924	0
ASPASN-PWY: superpathway of L-aspartate and L-asparagine biosynthesis	0	0	0	0.000375232	0	0.000505502	0	0	0.000244221	0.000284901	0.000291967	0
ASPASN-PWY: superpathway of L-aspartate and L-asparagine biosynthesis|g__Haemophilus.s__Haemophilus_parahaemolyticus	0	0	0	0	0	0	0	0	0	0.000146571	0	0
ASPASN-PWY: superpathway of L-aspartate and L-asparagine biosynthesis|g__Haemophilus.s__Haemophilus_parainfluenzae	0	0	0	0	0	0	0	0	0	0	0.000225519	0
ASPASN-PWY: superpathway of L-aspartate and L-asparagine biosynthesis|g__Prevotella.s__Prevotella_melaninogenica	0	0	0	0	0	0.00038949	0	0	0	0	0	0
ASPASN-PWY: superpathway of L-aspartate and L-asparagine biosynthesis|unclassified	0	0	0	0	0	0	0	0	0.000119656	0	0	0
BRANCHED-CHAIN-AA-SYN-PWY: superpathway of branched chain amino acid biosynthesis	0.000293042	0	0	0.00058999	0.00059427	0	0.000223782	0	0.000258382	0.000523484	0.000601308	0
BRANCHED-CHAIN-AA-SYN-PWY: superpathway of branched chain amino acid biosynthesis|g__Aggregatibacter.s__Aggregatibacter_segnis	0	0	0	0	0.000264511	0	0	0	0	0	0	0
BRANCHED-CHAIN-AA-SYN-PWY: superpathway of branched chain amino acid biosynthesis|g__Fusobacterium.s__Fusobacterium_nucleatum	0.000293042	0	0	0	0.000246585	0	0	0	0	0	0	0
BRANCHED-CHAIN-AA-SYN-PWY: superpathway of branched chain amino acid biosynthesis|g__Haemophilus.s__Haemophilus_parahaemolyticus	0	0	0	0	0	0	0	0	0	0.000103512	0	0
BRANCHED-CHAIN-AA-SYN-PWY: superpathway of branched chain amino acid biosynthesis|g__Haemophilus.s__Haemophilus_parainfluenzae	0	0	0	0	0	0	0	0	0	0	0.000194336	0
BRANCHED-CHAIN-AA-SYN-PWY: superpathway of branched chain amino acid biosynthesis|g__Neisseria.s__Neisseria_flavescens	0	0	0	2.62665e-05	0	0	0	0	0	0	0	0
CALVIN-PWY: Calvin-Benson-Bassham cycle	0.000249045	0	0	0.000369286	0.000544504	0.000484884	0	0	0.00045837	0.000427472	0.000297477	0
CALVIN-PWY: Calvin-Benson-Bassham cycle|g__Aggregatibacter.s__Aggregatibacter_segnis	0	0	0	0	0.000422035	0	0	0	0	0	0	0
CALVIN-PWY: Calvin-Benson-Bassham cycle|g__Haemophilus.s__Haemophilus_parainfluenzae	0	0	0	0	0	0	0	0	0	0	0.000222224	0
CALVIN-PWY: Calvin-Benson-Bassham cycle|g__Neisseria.s__Neisseria_flavescens	0	0	0	6.46133e-05	0	0	0	0	6.16998e-05	0	0	0
CALVIN-PWY: Calvin-Benson-Bassham cycle|g__Neisseria.s__Neisseria_subflava	0	0	0	0.00010535	0	0	0	0	5.56912e-05	0	0	0
CITRULBIO-PWY: L-citrulline biosynthesis	0	0	0	0	0.00017792	0	0	0	0	0	0	0
COA-PWY-1: superpathway of coenzyme A biosynthesis III (mammals)	0	0	0	0.000175279	0.000410926	0.000282279	0	0	0.000202069	0.000259382	0.000334659	0
COA-PWY-1: superpathway of coenzyme A biosynthesis III (mammals)|g__Aggregatibacter.s__Aggregatibacter_segnis	0	0	0	0	0.00025848	0	0	0	0	0	0	0
COA-PWY-1: superpathway of coenzyme A biosynthesis III (mammals)|g__Haemophilus.s__Haemophilus_parainfluenzae	0	0	0	0	0	0	0	0	0	0	0.000293975	0
COA-PWY-1: superpathway of coenzyme A biosynthesis III (mammals)|g__Neisseria.s__Neisseria_flavescens	0	0	0	0	0	0	0	0	0	3.22921e-05	0	0
COA-PWY-1: superpathway of coenzyme A biosynthesis III (mammals)|g__Neisseria.s__Neisseria_subflava	0	0	0	0	0	0	0	0	0	4.68972e-05	0	0
COA-PWY: coenzyme A biosynthesis I (prokaryotic)	0.000137764	0.000257489	0	0.000166958	0.000357265	0.000401708	0	0	0.000306262	0.000302407	0.000298737	0
COA-PWY: coenzyme A biosynthesis I (prokaryotic)|g__Aggregatibacter.s__Aggregatibacter_segnis	0	0	0	0	0.000282825	0	0	0	0	0	0	0
COA-PWY: coenzyme A biosynthesis I (prokaryotic)|g__Haemophilus.s__Haemophilus_parainfluenzae	0	0	0	0	0	0	0	0	0.000123695	0	0.000279502	0
COA-PWY: coenzyme A biosynthesis I (prokaryotic)|g__Neisseria.s__Neisseria_flavescens	0	0	0	0	0	0	0	0	0	8.78745e-05	0	0
COA-PWY: coenzyme A biosynthesis I (prokaryotic)|g__Neisseria.s__Neisseria_subflava	0	0	0	0	0	0	0	0	0	4.57024e-05	0	0
COA-PWY: coenzyme A biosynthesis I (prokaryotic)|g__Prevotella.s__Prevotella_melaninogenica	0	0	0	0	0	0.000399116	0	0	0	0	0	0
COMPLETE-ARO-PWY: superpathway of aromatic amino acid biosynthesis	0	0	0	0	0.000259926	0.000346201	0	0	0.000377111	0.00043719	0.000333948	0
DAPLYSINESYN-PWY: L-lysine biosynthesis I	0	0	0	0	0	0	0	0	0.000332674	0.000287078	0.000389043	0
DTDPRHAMSYN-PWY: dTDP-&beta;-L-rhamnose biosynthesis	0.000319946	0.000212224	0	0	0.000428975	0.000317028	0	0	0.00016905	0.000135471	0.000310823	0
DTDPRHAMSYN-PWY: dTDP-&beta;-L-rhamnose biosynthesis|g__Haemophilus.s__Haemophilus_parainfluenzae	0	0	0	0	0	0	0	0	0	0	0.000196938	0
DTDPRHAMSYN-PWY: dTDP-&beta;-L-rhamnose biosynthesis|g__Prevotella.s__Prevotella_melaninogenica	0	0	0	0	0	0.000291894	0	0	0	0	0	0
FASYN-ELONG-PWY: fatty acid elongation -- saturated	0	0	0	0.000360711	0.000610529	0	0.000156302	0	0.000295786	0.000274249	0.000207731	0.000205526
FASYN-ELONG-PWY: fatty acid elongation -- saturated|g__Aggregatibacter.s__Aggregatibacter_segnis	0	0	0	0	0.000392209	0	0	0	0	0	0	0
FASYN-ELONG-PWY: fatty acid elongation -- saturated|g__Neisseria.s__Neisseria_flavescens	0	0	0	5.55286e-05	0	0	0	0	0	5.77291e-05	0	0
FERMENTATION-PWY: mixed acid fermentation	0	0	0	0	0.000239453	0	0	0	0	0.000495115	0.000249885	0
FERMENTATION-PWY: mixed acid fermentation|g__Haemophilus.s__Haemophilus_parahaemolyticus	0	0	0	0	0	0	0	0	0	0.000194835	0	0
FERMENTATION-PWY: mixed acid fermentation|g__Haemophilus.s__Haemophilus_parainfluenzae	0	0	0	0	0	0	0	0	0	0	0.000226459	0
FUCCAT-PWY: fucose degradation	0	0	0	0	0	0	0	0	0	0.000366761	0	0
FUCCAT-PWY: fucose degradation|g__Haemophilus.s__Haemophilus_parahaemolyticus	0	0	0	0	0	0	0	0	0	0.000328987	0	0
GLCMANNANAUT-PWY: superpathway of N-acetylglucosamine, N-acetylmannosamine and N-acetylneuraminate degradation	0	0	0	0	0.000427452	0	0.000126332	0	0.000181303	0.00026527	0.000304698	0
GLCMANNANAUT-PWY: superpathway of N-acetylglucosamine, N-acetylmannosamine and N-acetylneuraminate degradation|g__Aggregatibacter.s__Aggregatibacter_segnis	0	0	0	0	0.000248992	0	0	0	0	0	0	0
GLCMANNANAUT-PWY: superpathway of N-acetylglucosamine, N-acetylmannosamine and N-acetylneuraminate degradation|g__Haemophilus.s__Haemophilus_parahaemolyticus	0	0	0	0	0	0	0	0	0	0.000126509	0	0
GLCMANNANAUT-PWY: superpathway of N-acetylglucosamine, N-acetylmannosamine and N-acetylneuraminate degradation|g__Haemophilus.s__Haemophilus_parainfluenzae	0	0	0	0	0	0	0	0	0	0	0.000252178	0
GLUCONEO-PWY: gluconeogenesis I	0	0	0	0.000229501	0.000398993	0.000466809	0	0	0	0.000251285	0.000277287	0
GLUCOSE1PMETAB-PWY: glucose and glucose-1-phosphate degradation	0	0	0	0	0	0.000534764	0	0	0	0	0.000419586	0.000143178
GLUCOSE1PMETAB-PWY: glucose and glucose-1-phosphate degradation|unclassified	0	0	0	0	0	0	0	0	0	0	8.65423e-05	0
GLUTORN-PWY: L-ornithine biosynthesis I	0	0	0	0	0	0	0	0	0	0.000202186	0	0
GLYCOGENSYNTH-PWY: glycogen biosynthesis I (from ADP-D-Glucose)	0.000236449	0	0	0	0.000213434	0	0.000159777	0	0.000256944	0.000241443	0.000268538	0
GLYCOGENSYNTH-PWY: glycogen biosynthesis I (from ADP-D-Glucose)|g__Neisseria.s__Neisseria_flavescens	0	0	0	0	0	0	0	0	2.89317e-05	0	0	0
GLYCOGENSYNTH-PWY: glycogen biosynthesis I (from ADP-D-Glucose)|g__Neisseria.s__Neisseria_meningitidis	0	0	0	0	0	0	0	0	4.5577e-05	0	0	0
GLYCOGENSYNTH-PWY: glycogen biosynthesis I (from ADP-D-Glucose)|g__Neisseria.s__Neisseria_subflava	0	0	0	0	0	0	0	0	4.775e-05	0	0	0
GLYCOLYSIS-E-D: superpathway of glycolysis and the Entner-Doudoroff pathway	0	0	0	0	0	0	0	0	0	0.000235401	0	0
GLYCOLYSIS: glycolysis I (from glucose 6-phosphate)	0	0	0	0.000309107	0.000418278	0.000444948	0	0	0.000335347	0.000302379	0.000249776	0
HEME-BIOSYNTHESIS-II-1: heme b biosynthesis V (aerobic)	0	0	0	0.000232664	0	0	0	0	0	0.00016397	0	0
HEME-BIOSYNTHESIS-II-1: heme b biosynthesis V (aerobic)|g__Neisseria.s__Neisseria_flavescens	0	0	0	8.66576e-05	0	0	0	0	0	0	0	0
HEME-BIOSYNTHESIS-II-1: heme b biosynthesis V (aerobic)|g__Neisseria.s__Neisseria_subflava	0	0	0	9.20122e-05	0	0	0	0	0	0	0	0
HEME-BIOSYNTHESIS-II: heme b biosynthesis I (aerobic)	0	0	0	0.000232664	0.000315697	0.000217319	0	0	0	0.000208988	0	0
HEME-BIOSYNTHESIS-II: heme b biosynthesis I (aerobic)|g__Aggregatibacter.s__Aggregatibacter_segnis	0	0	0	0	0.000210363	0	0	0	0	0	0	0
HEME-BIOSYNTHESIS-II: heme b biosynthesis I (aerobic)|g__Haemophilus.s__Haemophilus_parahaemolyticus	0	0	0	0	0	0	0	0	0	0.000169287	0	0
HEME-BIOSYNTHESIS-II: heme b biosynthesis I (aerobic)|g__Neisseria.s__Neisseria_flavescens	0	0	0	8.66576e-05	0	0	0	0	0	0	0	0
HEME-BIOSYNTHESIS-II: heme b biosynthesis I (aerobic)|g__Neisseria.s__Neisseria_subflava	0	0	0	9.20122e-05	0	0	0	0	0	0	0	0
HEMESYN2-PWY: heme b biosynthesis II (oxygen-independent)	0	0	0	0.000348866	0.000462608	0.000218887	0	0	0.000232271	0.000186951	0.000287165	0
HEMESYN2-PWY: heme b biosynthesis II (oxygen-independent)|g__Aggregatibacter.s__Aggregatibacter_segnis	0	0	0	0	0.000218565	0	0	0	0	0	0	0
HEMESYN2-PWY: heme b biosynthesis II (oxygen-independent)|g__Capnocytophaga.s__Capnocytophaga_leadbetteri	0	0	0	0	0.000199545	0	0	0	0	0	0	0
HEMESYN2-PWY: heme b biosynthesis II (oxygen-independent)|g__Haemophilus.s__Haemophilus_parahaemolyticus	0	0	0	0	0	0	0	0	0	0.000127565	0	0
HEMESYN2-PWY: heme b biosynthesis II (oxygen-independent)|g__Neisseria.s__Neisseria_flavescens	0	0	0	0.000123075	0	0	0	0	0	0	0	0
HEMESYN2-PWY: heme b biosynthesis II (oxygen-independent)|g__Neisseria.s__Neisseria_subflava	0	0	0	5.82662e-05	0	0	0	0	0	0	0	0
HISDEG-PWY: L-histidine degradation I	0.000268263	0	0	0	0.000223235	0.000290571	0	0	0	0	0	0
HISDEG-PWY: L-histidine degradation I|g__Prevotella.s__Prevotella_melaninogenica	0	0	0	0	0	0.000290571	0	0	0	0	0	0
HISTSYN-PWY: L-histidine biosynthesis	0	0	0	0	0	0.000268035	0	0	0.000226659	0.000115538	0	0
HOMOSER-METSYN-PWY: L-methionine biosynthesis I	0	0	0	0	0	0	0	0	0	0.000216251	0	0
HSERMETANA-PWY: L-methionine biosynthesis III	0	0	0	0	0.00022946	0	0	0	0	0.000247083	0.000438865	0
HSERMETANA-PWY: L-methionine biosynthesis III|g__Haemophilus.s__Haemophilus_parahaemolyticus	0	0	0	0	0	0	0	0	0	1.6913e-05	0	0
HSERMETANA-PWY: L-methionine biosynthesis III|g__Haemophilus.s__Haemophilus_parainfluenzae	0	0	0	0	0	0	0	0	0	0	0.000235675	0
HSERMETANA-PWY: L-methionine biosynthesis III|unclassified	0	0	0	0	0	0	0	0	0	0	0.000152292	0
ILEUSYN-PWY: L-isoleucine biosynthesis I (from threonine)	0.00028848	0	0	0.000608524	0.00061593	0.000237625	0.000218992	0	0.000269959	0.000581293	0.000656053	0
ILEUSYN-PWY: L-isoleucine biosynthesis I (from threonine)|g__Aggregatibacter.s__Aggregatibacter_segnis	0	0	0	0	0.000288436	0	0	0	0	0	0	0
ILEUSYN-PWY: L-isoleucine biosynthesis I (from threonine)|g__Fusobacterium.s__Fusobacterium_nucleatum	0.00028848	0	0	0	0.000244179	0	0	0	0	0	0	0
ILEUSYN-PWY: L-isoleucine biosynthesis I (from threonine)|g__Haemophilus.s__Haemophilus_parahaemolyticus	0	0	0	0	0	0	0	0	0	9.96648e-05	0	0
ILEUSYN-PWY: L-isoleucine biosynthesis I (from threonine)|g__Haemophilus.s__Haemophilus_parainfluenzae	0	0	0	0	0	0	0	0	0	0	0.000219927	0
ILEUSYN-PWY: L-isoleucine biosynthesis I (from threonine)|g__Neisseria.s__Neisseria_flavescens	0	0	0	2.49306e-05	0	0	0	0	0	0	0	0
ILEUSYN-PWY: L-isoleucine biosynthesis I (from threonine)|g__Veillonella.s__Veillonella_atypica	0	0	0	0	0	0.000224159	0	0	0	0	0	0
LACTOSECAT-PWY: lactose and galactose degradation I	0	0	0	0	0	0	0.000166011	0	0.000402153	0	0	0
LACTOSECAT-PWY: lactose and galactose degradation I|g__Streptococcus.s__Streptococcus_australis	0	0	0	0	0	0	0	0	0.000255164	0	0	0
LACTOSECAT-PWY: lactose and galactose degradation I|g__Streptococcus.s__Streptococcus_sp_A12	0	0	0	0	0	0	0	0	5.10268e-05	0	0	0
LIPASYN-PWY: phospholipases	0	0	0	0.000180859	0	0	0	0	0	0	0	0
LIPASYN-PWY: phospholipases|g__Neisseria.s__Neisseria_flavescens	0	0	0	5.20768e-05	0	0	0	0	0	0	0	0
LIPASYN-PWY: phospholipases|g__Neisseria.s__Neisseria_meningitidis	0	0	0	3.74165e-05	0	0	0	0	0	0	0	0
LIPASYN-PWY: phospholipases|g__Neisseria.s__Neisseria_subflava	0	0	0	9.13662e-05	0	0	0	0	0	0	0	0
MET-SAM-PWY: superpathway of S-adenosyl-L-methionine biosynthesis	0	0	0	0	0	0	0	0	0	0.000261242	0	0
METSYN-PWY: superpathway of L-homoserine and L-methionine biosynthesis	0	0	0	0	0	0	0	0	0	0.000281482	0	0
NAGLIPASYN-PWY: lipid IVA biosynthesis (E. coli)	0	0	0	0.000191866	0.000283055	0	0	0	0.000204324	0.000164281	0	0
NAGLIPASYN-PWY: lipid IVA biosynthesis (E. coli)|g__Neisseria.s__Neisseria_flavescens	0	0	0	0	0	0	0	0	2.60407e-05	0	0	0
NAGLIPASYN-PWY: lipid IVA biosynthesis (E. coli)|g__Neisseria.s__Neisseria_subflava	0	0	0	8.26571e-05	0	0	0	0	0	0	0	0
NONMEVIPP-PWY: methylerythritol phosphate pathway I	0	0	0	0.000202344	0.000358872	0.000611841	0	0	0	0.000253453	0.000410273	0
NONMEVIPP-PWY: methylerythritol phosphate pathway I|g__Prevotella.s__Prevotella_melaninogenica	0	0	0	0	0	0.000382253	0	0	0	0	0	0
NONOXIPENT-PWY: pentose phosphate pathway (non-oxidative branch) I	0.000201384	0.000167789	0	0.000292607	0.000326671	0.000246198	0	0	0.000331396	0.000282799	0.000302207	0.000130056
NONOXIPENT-PWY: pentose phosphate pathway (non-oxidative branch) I|g__Aggregatibacter.s__Aggregatibacter_segnis	0	0	0	0	0.000293852	0	0	0	0	0	0	0
NONOXIPENT-PWY: pentose phosphate pathway (non-oxidative branch) I|g__Haemophilus.s__Haemophilus_parainfluenzae	0	0	0	0	0	0.000160385	0	0	0	0	0.000229183	0
NONOXIPENT-PWY: pentose phosphate pathway (non-oxidative branch) I|g__Neisseria.s__Neisseria_flavescens	0	0	0	0.000131287	0	0	0	0	0	0	0	0
NONOXIPENT-PWY: pentose phosphate pathway (non-oxidative branch) I|g__Neisseria.s__Neisseria_subflava	0	0	0	9.12491e-05	0	0	0	0	0	0	0	0
NONOXIPENT-PWY: pentose phosphate pathway (non-oxidative branch) I|g__Sphingomonas.s__Sphingomonas_melonis	0	0.000153312	0	0	0	0	0	0	0	0	0	0
OANTIGEN-PWY: O-antigen building blocks biosynthesis (E. coli)	0.000293269	0	0	0	0.00030594	0	0	0	0	0	0.000266879	0
P108-PWY: pyruvate fermentation to propanoate I	0	0	0	0	0	0	0	0	0	0	0.000101062	0
P125-PWY: superpathway of (R,R)-butanediol biosynthesis	0	0	0	0	0	0	0	0	0.000150043	0	0	0
P161-PWY: acetylene degradation (anaerobic)	0	0	0	0	0	0	0.000129912	0	0.000202599	0	0	0
P161-PWY: acetylene degradation (anaerobic)|unclassified	0	0	0	0	0	0	0.000129912	0	0	0	0	0
P163-PWY: L-lysine fermentation to acetate and butanoate	0.000341799	0	0	0	0.000279035	0	0	0	0	0	0	0
P164-PWY: purine nucleobases degradation I (anaerobic)	0	0	0	0	0	0	0	0	0	0.000141448	0	0
P185-PWY: formaldehyde assimilation III (dihydroxyacetone cycle)	0	0	0	0	0.000315457	0	0	0	0	0	0	0
P41-PWY: pyruvate fermentation to acetate and (S)-lactate I	0.00037202	0	0	0	0.000296433	0	0.000158023	0	0.000302999	0.000266038	0.00039295	0
P41-PWY: pyruvate fermentation to acetate and (S)-lactate I|g__Rothia.s__Rothia_mucilaginosa	0	0	0	0	0	0	0	0	0	0	0.000170386	0
P41-PWY: pyruvate fermentation to acetate and (S)-lactate I|unclassified	0	0	0	0	0	0	0	0	0	0.000102091	0	0
P42-PWY: incomplete reductive TCA cycle	0	0	0	0	0	0	0	0	0	0	0.000172648	0
P441-PWY: superpathway of N-acetylneuraminate degradation	0	0	0	0	0	0	0	0	0	0	0.000241559	0
PANTO-PWY: phosphopantothenate biosynthesis I	0	0	0	0	0.000175982	0.0001844	0	0	0	0	0	0
PENTOSE-P-PWY: pentose phosphate pathway	0	0	0	0.00028402	0	0	0	0	0.000294277	0.000355962	0.000346472	0
PENTOSE-P-PWY: pentose phosphate pathway|g__Haemophilus.s__Haemophilus_parainfluenzae	0	0	0	0	0	0	0	0	0	0	0.000236281	0
PENTOSE-P-PWY: pentose phosphate pathway|g__Neisseria.s__Neisseria_flavescens	0	0	0	0.000118768	0	0	0	0	0	0	0	0
PENTOSE-P-PWY: pentose phosphate pathway|g__Neisseria.s__Neisseria_subflava	0	0	0	9.10729e-05	0	0	0	0	0	0	0	0
PEPTIDOGLYCANSYN-PWY: peptidoglycan biosynthesis I (meso-diaminopimelate containing)	0.000317387	0	0	0	0.000403282	0.000562385	0	0	0.000400184	0.000362055	0.000441164	0
PEPTIDOGLYCANSYN-PWY: peptidoglycan biosynthesis I (meso-diaminopimelate containing)|g__Haemophilus.s__Haemophilus_parahaemolyticus	0	0	0	0	0	0	0	0	0	3.47572e-05	0	0
PEPTIDOGLYCANSYN-PWY: peptidoglycan biosynthesis I (meso-diaminopimelate containing)|g__Prevotella.s__Prevotella_melaninogenica	0	0	0	0	0	0.000413053	0	0	0	0	0	0
PHOSLIPSYN-PWY: superpathway of phospholipid biosynthesis I (bacteria)	0.000312045	0	0	0	0.000394909	0	0	0	0.00028524	0.00047764	0.000249056	0
PHOSLIPSYN-PWY: superpathway of phospholipid biosynthesis I (bacteria)|g__Aggregatibacter.s__Aggregatibacter_segnis	0	0	0	0	0.000273606	0	0	0	0	0	0	0
PHOSLIPSYN-PWY: superpathway of phospholipid biosynthesis I (bacteria)|g__Haemophilus.s__Haemophilus_parahaemolyticus	0	0	0	0	0	0	0	0	0	0.000233042	0	0
PPGPPMET-PWY: ppGpp metabolism	0	0	0	0.000295198	0	0.00043103	0	0	0	0.000418056	0.000262187	0
PPGPPMET-PWY: ppGpp metabolism|g__Haemophilus.s__Haemophilus_parainfluenzae	0	0	0	0	0	0	0	0	0	0	0.00025015	0
PWY-1042: glycolysis IV	0.000220374	0	0	0.000331686	0.000483272	0.000740359	0	0	0.000257296	0	0.000449098	0
PWY-1042: glycolysis IV|g__Aggregatibacter.s__Aggregatibacter_segnis	0	0	0	0	0.000278798	0	0	0	0	0	0	0
PWY-1042: glycolysis IV|g__Haemophilus.s__Haemophilus_parainfluenzae	0	0	0	0	0	0	0	0	0	0	0.000274835	0
PWY-1042: glycolysis IV|g__Streptococcus.s__Streptococcus_infantis	0	0	0	0	0	0	0	0	3.598e-05	0	0	0
PWY-1042: glycolysis IV|unclassified	0	0	0	0	0	0	0	0	0	0	0.000120084	0
PWY-1269: CMP-3-deoxy-D-manno-octulosonate biosynthesis	0	0	0	0.000161894	0.000223035	0.000268019	0	0	0	0.000379562	0.000396929	0
PWY-1269: CMP-3-deoxy-D-manno-octulosonate biosynthesis|g__Aggregatibacter.s__Aggregatibacter_segnis	0	0	0	0	0.000137922	0	0	0	0	0	0	0
PWY-1269: CMP-3-deoxy-D-manno-octulosonate biosynthesis|g__Haemophilus.s__Haemophilus_parahaemolyticus	0	0	0	0	0	0	0	0	0	0.000183729	0	0
PWY-1269: CMP-3-deoxy-D-manno-octulosonate biosynthesis|g__Haemophilus.s__Haemophilus_parainfluenzae	0	0	0	0	0	0	0	0	0	0	0.000262295	0
PWY-1269: CMP-3-deoxy-D-manno-octulosonate biosynthesis|g__Neisseria.s__Neisseria_flavescens	0	0	0	0	0	0	0	0	0	0	2.73478e-05	0
PWY-1269: CMP-3-deoxy-D-manno-octulosonate biosynthesis|g__Neisseria.s__Neisseria_subflava	0	0	0	0	0	0	0	0	0	4.73215e-05	0	0
PWY-241: C4 photosynthetic carbon assimilation cycle, NADP-ME type	0	0	0	0	0	0	0	0	0	0.00018307	0	0
PWY-2941: L-lysine biosynthesis II	0	0	0	0	0	0	0	0	0.000307347	0.000233163	0.000224415	0
PWY-2942: L-lysine biosynthesis III	0	0	0	0.00017606	0.000249758	0.000622575	0	0	0.000308561	0.000378828	0.000359218	0
PWY-2942: L-lysine biosynthesis III|g__Aggregatibacter.s__Aggregatibacter_segnis	0	0	0	0	0.00020682	0	0	0	0	0	0	0
PWY-2942: L-lysine biosynthesis III|g__Haemophilus.s__Haemophilus_parainfluenzae	0	0	0	0	0	0	0	0	0	0	0.000240124	0
PWY-2942: L-lysine biosynthesis III|g__Neisseria.s__Neisseria_subflava	0	0	0	0	0	0	0	0	3.02734e-05	0	0	0
PWY-2942: L-lysine biosynthesis III|g__Prevotella.s__Prevotella_melaninogenica	0	0	0	0	0	0.000480318	0	0	0	0	0	0
PWY-3001: superpathway of L-isoleucine biosynthesis I	0	0	0	0.000345002	0	0	0	0	0.000277467	0	0.000403075	0
PWY-3841: folate transformations II (plants)	0	0	0	0.000239563	0	0.000816106	0	0	0.000317592	0.000482357	0.000466739	0
PWY-3841: folate transformations II (plants)|g__Haemophilus.s__Haemophilus_parahaemolyticus	0	0	0	0	0	0	0	0	0	0.000144649	0	0
PWY-3841: folate transformations II (plants)|g__Neisseria.s__Neisseria_flavescens	0	0	0	2.77515e-05	0	0	0	0	0	2.67354e-05	0	0
PWY-3841: folate transformations II (plants)|g__Neisseria.s__Neisseria_subflava	0	0	0	0	0	0	0	0	0	8.69533e-05	0	0
PWY-3841: folate transformations II (plants)|g__Prevotella.s__Prevotella_melaninogenica	0	0	0	0	0	0.000408721	0	0	0	0	0	0
PWY-3841: folate transformations II (plants)|g__Rothia.s__Rothia_mucilaginosa	0	0	0	0	0	0	0	0	0	0	0.000121199	0
PWY-4041: &gamma;-glutamyl cycle	0	0	0	0	0.000226792	0	0	0	0.000185483	0	0.000290012	0
PWY-4041: &gamma;-glutamyl cycle|g__Aggregatibacter.s__Aggregatibacter_segnis	0	0	0	0	0.000179374	0	0	0	0	0	0	0
PWY-4041: &gamma;-glutamyl cycle|g__Haemophilus.s__Haemophilus_parainfluenzae	0	0	0	0	0	0	0	0	0	0	0.000280827	0
PWY-4041: &gamma;-glutamyl cycle|unclassified	0	0	0	0	0	0	0	0	0.000137928	0	0	0
PWY-5030: L-histidine degradation III	0	0	0	0	0	0.000324533	0	0	0	0	0	0
PWY-5030: L-histidine degradation III|g__Prevotella.s__Prevotella_melaninogenica	0	0	0	0	0	0.000316559	0	0	0	0	0	0
PWY-5097: L-lysine biosynthesis VI	0	0	0	0	0	0	0	0	0.000308374	0.000278028	0.00037598	0
PWY-5097: L-lysine biosynthesis VI|g__Haemophilus.s__Haemophilus_parainfluenzae	0	0	0	0	0	0	0	0	0	0	0.000243157	0
PWY-5097: L-lysine biosynthesis VI|g__Neisseria.s__Neisseria_subflava	0	0	0	0	0	0	0	0	3.33438e-05	0	0	0
PWY-5100: pyruvate fermentation to acetate and lactate II	0.00037202	0	0	0	0.000296433	0	0.000158023	0	0.000302999	0.000266038	0.00039295	0
PWY-5100: pyruvate fermentation to acetate and lactate II|g__Rothia.s__Rothia_mucilaginosa	0	0	0	0	0	0	0	0	0	0	0.000170386	0
PWY-5100: pyruvate fermentation to acetate and lactate II|unclassified	0	0	0	0	0	0	0	0	0	0.000102091	0	0
PWY-5103: L-isoleucine biosynthesis III	0.000292279	0	0	0.000573905	0.000612628	0.000218591	0.000201008	0	0.000240567	0.000546877	0.000618307	0.000117441
PWY-5103: L-isoleucine biosynthesis III|g__Aggregatibacter.s__Aggregatibacter_segnis	0	0	0	0	0.000253249	0	0	0	0	0	0	0
PWY-5103: L-isoleucine biosynthesis III|g__Fusobacterium.s__Fusobacterium_nucleatum	0.00028333	0	0	0	0.000288807	0	0	0	0	0	0	0
PWY-5103: L-isoleucine biosynthesis III|g__Haemophilus.s__Haemophilus_parahaemolyticus	0	0	0	0	0	0	0	0	0	8.32125e-05	0	0
PWY-5103: L-isoleucine biosynthesis III|g__Haemophilus.s__Haemophilus_parainfluenzae	0	0	0	0	0	0	0	0	0	0	0.000202408	0
PWY-5103: L-isoleucine biosynthesis III|g__Neisseria.s__Neisseria_flavescens	0	0	0	1.78332e-05	0	0	0	0	0	0	0	0
PWY-5103: L-isoleucine biosynthesis III|g__Veillonella.s__Veillonella_atypica	0	0	0	0	0	0.000209337	0	0	0	0	0	0
PWY-5154: L-arginine biosynthesis III (via N-acetyl-L-citrulline)	0	0	0	0	0	0	0	0	0	0.000175155	0	0
PWY-5188: tetrapyrrole biosynthesis I (from glutamate)	0.00029024	0	0	0.000260353	0.000384268	0	0	0	0.000152553	0.000426404	0.000382793	0
PWY-5188: tetrapyrrole biosynthesis I (from glutamate)|g__Haemophilus.s__Haemophilus_parahaemolyticus	0	0	0	0	0	0	0	0	0	0.000162511	0	0
PWY-5188: tetrapyrrole biosynthesis I (from glutamate)|g__Haemophilus.s__Haemophilus_parainfluenzae	0	0	0	0	0	0	0	0	0	0	0.000234673	0
PWY-5188: tetrapyrrole biosynthesis I (from glutamate)|g__Neisseria.s__Neisseria_flavescens	0	0	0	8.76912e-05	0	0	0	0	0	3.82507e-05	0	0
PWY-5188: tetrapyrrole biosynthesis I (from glutamate)|g__Neisseria.s__Neisseria_meningitidis	0	0	0	4.38028e-05	0	0	0	0	0	0	0	0
PWY-5188: tetrapyrrole biosynthesis I (from glutamate)|g__Neisseria.s__Neisseria_subflava	0	0	0	2.16096e-05	0	0	0	0	0	4.16915e-05	0	0
PWY-5189: tetrapyrrole biosynthesis II (from glycine)	0	0	0	0.000271274	0	0	0	0	0	0.000175135	0	0
PWY-5189: tetrapyrrole biosynthesis II (from glycine)|g__Neisseria.s__Neisseria_flavescens	0	0	0	8.17179e-05	0	0	0	0	0	0	0	0
PWY-5189: tetrapyrrole biosynthesis II (from glycine)|g__Neisseria.s__Neisseria_meningitidis	0	0	0	3.66501e-05	0	0	0	0	0	0	0	0
PWY-5347: superpathway of L-methionine biosynthesis (transsulfuration)	0	0	0	0	0	0	0	0	0	0.000285039	0	0
PWY-5367: petroselinate biosynthesis	0	0	0	0	0	0	0	0	0.000281586	0	0	0
PWY-5367: petroselinate biosynthesis|g__Streptococcus.s__Streptococcus_infantis	0	0	0	0	0	0	0	0	0.000193477	0	0	0
PWY-5384: sucrose degradation IV (sucrose phosphorylase)	0	0	0	0	0	0.000318525	0	0	0	0.000199837	0.000247397	0
PWY-5484: glycolysis II (from fructose 6-phosphate)	0	0	0	0.000258894	0.000335994	0.000370217	0	0	0.000271426	0.000257247	0.000210323	0
PWY-5659: GDP-mannose biosynthesis	0	0	0	0	0.000306871	0	0	0	0	0	0.00031514	0
PWY-5659: GDP-mannose biosynthesis|g__Fusobacterium.s__Fusobacterium_nucleatum	0	0	0	0	0.000203119	0	0	0	0	0	0	0
PWY-5659: GDP-mannose biosynthesis|unclassified	0	0	0	0	0	0	0	0	0	0	8.12892e-05	0
PWY-5667: CDP-diacylglycerol biosynthesis I	0.000298154	0	0	0.000208093	0.000398833	0.000429698	0	0	0.000452678	0.000662692	0.000484701	0
PWY-5667: CDP-diacylglycerol biosynthesis I|g__Aggregatibacter.s__Aggregatibacter_segnis	0	0	0	0	0.00035024	0	0	0	0	0	0	0
PWY-5667: CDP-diacylglycerol biosynthesis I|g__Haemophilus.s__Haemophilus_parahaemolyticus	0	0	0	0	0	0	0	0	0	0.000265237	0	0
PWY-5667: CDP-diacylglycerol biosynthesis I|g__Haemophilus.s__Haemophilus_parainfluenzae	0	0	0	0	0	0	0	0	0	0	0.000376459	0
PWY-5667: CDP-diacylglycerol biosynthesis I|g__Neisseria.s__Neisseria_flavescens	0	0	0	0	0	0	0	0	1.83362e-05	0	0	0
PWY-5667: CDP-diacylglycerol biosynthesis I|g__Neisseria.s__Neisseria_meningitidis	0	0	0	0	0	0	0	0	2.99229e-05	0	0	0
PWY-5667: CDP-diacylglycerol biosynthesis I|g__Neisseria.s__Neisseria_subflava	0	0	0	0	0	0	0	0	7.32265e-05	6.8752e-05	0	0
PWY-5667: CDP-diacylglycerol biosynthesis I|g__Prevotella.s__Prevotella_melaninogenica	0	0	0	0	0	0.000351829	0	0	0	0	0	0
PWY-5667: CDP-diacylglycerol biosynthesis I|unclassified	0.000184273	0	0	0	0	0	0	0	0	0	0	0
PWY-5686: UMP biosynthesis I	0.000323515	0	0	0.000406061	0.00029021	0.000535115	0.000135524	0	0.000429937	0.000490916	0.000332173	0.000121891
PWY-5686: UMP biosynthesis I|g__Neisseria.s__Neisseria_flavescens	0	0	0	7.56893e-05	0	0	0	0	5.97172e-05	0	0	0
PWY-5686: UMP biosynthesis I|g__Neisseria.s__Neisseria_subflava	0	0	0	0.000118866	0	0	0	0	0.000136852	0	0	0
PWY-5686: UMP biosynthesis I|g__Rothia.s__Rothia_mucilaginosa	0	0	0	0	0	0	0	0	0	0	0.000154536	0
PWY-5695: inosine 5'-phosphate degradation	0	0	0	0.000325718	0.000317901	0.000409117	0	0	0.000404428	0.000613064	0.000274281	0.000165938
PWY-5695: inosine 5'-phosphate degradation|g__Haemophilus.s__Haemophilus_parahaemolyticus	0	0	0	0	0	0	0	0	0	9.29916e-05	0	0
PWY-5695: inosine 5'-phosphate degradation|g__Neisseria.s__Neisseria_subflava	0	0	0	0	0	0	0	0	0	0.000110396	0	0
PWY-5695: inosine 5'-phosphate degradation|unclassified	0	0	0	0	0	0	0	0	0	0	0	0.000160528
PWY-5837: 2-carboxy-1,4-naphthoquinol biosynthesis	0	0	0	0	0	0	0	0	0	0	0.00025536	0
PWY-5855: ubiquinol-7 biosynthesis (early decarboxylation)	0	0	0	0.00022545	0	0	0	0	0	0	0	0
PWY-5897: superpathway of menaquinol-11 biosynthesis	0	0	0	0	0	0	0	0	0	0	0.000338265	0
PWY-5898: superpathway of menaquinol-12 biosynthesis	0	0	0	0	0	0	0	0	0	0	0.000338265	0
PWY-5899: superpathway of menaquinol-13 biosynthesis	0	0	0	0	0	0	0	0	0	0	0.000338265	0
PWY-5913: partial TCA cycle (obligate autotrophs)	0	0	0	0.000217901	0	0	0	0	0.000341072	0.000525121	0.000220302	0
PWY-5913: partial TCA cycle (obligate autotrophs)|g__Haemophilus.s__Haemophilus_parahaemolyticus	0	0	0	0	0	0	0	0	0	0.000179666	0	0
PWY-5913: partial TCA cycle (obligate autotrophs)|g__Neisseria.s__Neisseria_flavescens	0	0	0	0	0	0	0	0	4.42638e-05	2.29685e-05	0	0
PWY-5913: partial TCA cycle (obligate autotrophs)|g__Neisseria.s__Neisseria_meningitidis	0	0	0	0	0	0	0	0	1.67329e-05	0	0	0
PWY-5913: partial TCA cycle (obligate autotrophs)|g__Neisseria.s__Neisseria_subflava	0	0	0	0	0	0	0	0	0.000138054	0.000143602	0	0
PWY-5918: superpathway of heme b biosynthesis from glutamate	0	0	0	0.000244494	0	0	0	0	0	0.000265275	0	0
PWY-5918: superpathway of heme b biosynthesis from glutamate|g__Neisseria.s__Neisseria_flavescens	0	0	0	7.23101e-05	0	0	0	0	0	0	0	0
PWY-5920: superpathway of heme b biosynthesis from glycine	0	0	0	0	0	0	0	0	0	0.000190368	0	0
PWY-5941: glycogen degradation II	0	0	0	0.000309721	0.000351931	0	0.000263562	0	0.000443074	0.000432436	0.00045493	0
PWY-5941: glycogen degradation II|g__Neisseria.s__Neisseria_flavescens	0	0	0	4.39647e-05	0	0	0	0	0.000101455	0	0	0
PWY-5941: glycogen degradation II|g__Neisseria.s__Neisseria_meningitidis	0	0	0	2.14407e-05	0	0	0	0	3.46827e-05	0	0	0
PWY-5941: glycogen degradation II|g__Neisseria.s__Neisseria_subflava	0	0	0	8.56073e-05	0	0	0	0	5.45906e-05	0	0	0
PWY-5941: glycogen degradation II|g__Streptococcus.s__Streptococcus_australis	0	0	0	0	0	0	0	0	5.45584e-05	0	0	0
PWY-5941: glycogen degradation II|g__Streptococcus.s__Streptococcus_sp_A12	0	0	0	0	0	0	0	0	4.37163e-05	0	0	0
PWY-5971: palmitate biosynthesis (type II fatty acid synthase)	0	0	0	0	0	0	0	0	0.00029872	0	0	0
PWY-5973: cis-vaccenate biosynthesis	0	0	0	0.000406431	0.00054495	0.00069384	0.000153969	0	0.000331541	0.000214348	0.000143054	0
PWY-5973: cis-vaccenate biosynthesis|g__Neisseria.s__Neisseria_flavescens	0	0	0	4.33821e-05	0	0	0	0	0	0.000100072	0	0
PWY-5973: cis-vaccenate biosynthesis|g__Prevotella.s__Prevotella_melaninogenica	0	0	0	0	0	0.000415597	0	0	0	0	0	0
PWY-5973: cis-vaccenate biosynthesis|g__Streptococcus.s__Streptococcus_infantis	0	0	0	0	0	0	0	0	0.000137854	0	0	0
PWY-5973: cis-vaccenate biosynthesis|g__Veillonella.s__Veillonella_atypica	0	0	0	0	0	0.000208575	0	0	0	0	0	0
PWY-5981: CDP-diacylglycerol biosynthesis III	0.00024704	0	0	0	0.000312313	0	0	0	0	0	0	0
PWY-5989: stearate biosynthesis II (bacteria and plants)	0	0	0	0	0.000558019	0	0	0	0.000231924	0.000236408	0.000188418	0.000110157
PWY-5989: stearate biosynthesis II (bacteria and plants)|g__Aggregatibacter.s__Aggregatibacter_segnis	0	0	0	0	0.000376246	0	0	0	0	0	0	0
PWY-5989: stearate biosynthesis II (bacteria and plants)|g__Neisseria.s__Neisseria_flavescens	0	0	0	0	0	0	0	0	0	3.49725e-05	0	0
PWY-6121: 5-aminoimidazole ribonucleotide biosynthesis I	0.000390438	0	0	0.000295641	0.000458986	0.000284361	0.000128137	0	0.000269846	0.00045724	0.000506069	0
PWY-6121: 5-aminoimidazole ribonucleotide biosynthesis I|g__Haemophilus.s__Haemophilus_parainfluenzae	0	0	0	0	0	0	0	0	0	0	0.00021674	0
PWY-6121: 5-aminoimidazole ribonucleotide biosynthesis I|g__Rothia.s__Rothia_mucilaginosa	0	0	0	0	0	0	0	0	0	0	0.000213066	0
PWY-6121: 5-aminoimidazole ribonucleotide biosynthesis I|g__Streptococcus.s__Streptococcus_australis	0	0	0	0	0	0	0	0	5.83193e-05	0	0	0
PWY-6121: 5-aminoimidazole ribonucleotide biosynthesis I|g__Streptococcus.s__Streptococcus_infantis	0	0	0	0	0	0	0	0	8.39748e-05	0	0	0
PWY-6121: 5-aminoimidazole ribonucleotide biosynthesis I|unclassified	0	0	0	0	0	0	0	0	0	0.000201439	0	0
PWY-6122: 5-aminoimidazole ribonucleotide biosynthesis II	0.000375134	0	0	0.000303201	0.000434687	0.000319766	0.000129438	0	0.000238601	0.000442619	0.000521395	0
PWY-6122: 5-aminoimidazole ribonucleotide biosynthesis II|g__Aggregatibacter.s__Aggregatibacter_segnis	0	0	0	0	0.000220356	0	0	0	0	0	0	0
PWY-6122: 5-aminoimidazole ribonucleotide biosynthesis II|g__Fusobacterium.s__Fusobacterium_nucleatum	0.000247209	0	0	0	0	0	0	0	0	0	0	0
PWY-6122: 5-aminoimidazole ribonucleotide biosynthesis II|g__Haemophilus.s__Haemophilus_parainfluenzae	0	0	0	0	0	0	0	0	0	0	0.000197595	0
PWY-6122: 5-aminoimidazole ribonucleotide biosynthesis II|g__Neisseria.s__Neisseria_flavescens	0	0	0	7.2504e-05	0	0	0	0	0	0	0	0
PWY-6122: 5-aminoimidazole ribonucleotide biosynthesis II|g__Neisseria.s__Neisseria_subflava	0	0	0	0.000145201	0	0	0	0	0	0	0	0
PWY-6122: 5-aminoimidazole ribonucleotide biosynthesis II|g__Rothia.s__Rothia_mucilaginosa	0	0	0	0	0	0	0	0	0	0	0.000243158	0
PWY-6122: 5-aminoimidazole ribonucleotide biosynthesis II|g__Streptococcus.s__Streptococcus_australis	0	0	0	0	0	0	0	0	5.39121e-05	0	0	0
PWY-6122: 5-aminoimidazole ribonucleotide biosynthesis II|g__Streptococcus.s__Streptococcus_infantis	0	0	0	0	0	0	0	0	7.13905e-05	0	0	0
PWY-6122: 5-aminoimidazole ribonucleotide biosynthesis II|g__Streptococcus.s__Streptococcus_sp_A12	0	0	0	0	0	0	0	0	4.55205e-05	0	0	0
PWY-6122: 5-aminoimidazole ribonucleotide biosynthesis II|unclassified	0	0	0	0	0	0	0	0	0	0.000215963	0	0
PWY-6123: inosine-5'-phosphate biosynthesis I	0.000227871	0	0	0.000155867	0.000268518	0.000364421	0	0	0.00049123	0.000391245	0.000566944	0
PWY-6123: inosine-5'-phosphate biosynthesis I|g__Neisseria.s__Neisseria_flavescens	0	0	0	0	0	0	0	0	6.21998e-05	5.95796e-05	0	0
PWY-6123: inosine-5'-phosphate biosynthesis I|g__Neisseria.s__Neisseria_subflava	0	0	0	0	0	0	0	0	9.42362e-05	3.3146e-05	0	0
PWY-6123: inosine-5'-phosphate biosynthesis I|g__Rothia.s__Rothia_mucilaginosa	0	0	0	0	0	0	0	0	0	0	0.000184077	0
PWY-6124: inosine-5'-phosphate biosynthesis II	0.000212972	0	0	0.000171093	0.000243746	0.000335344	0	0	0.000459945	0.000359465	0.000557545	0
PWY-6124: inosine-5'-phosphate biosynthesis II|g__Aggregatibacter.s__Aggregatibacter_segnis	0	0	0	0	0.000218635	0	0	0	0	0	0	0
PWY-6124: inosine-5'-phosphate biosynthesis II|g__Haemophilus.s__Haemophilus_parahaemolyticus	0	0	0	0	0	0	0	0	0	0.000148894	0	0
PWY-6124: inosine-5'-phosphate biosynthesis II|g__Neisseria.s__Neisseria_flavescens	0	0	0	0	0	0	0	0	0	5.37694e-05	0	0
PWY-6124: inosine-5'-phosphate biosynthesis II|g__Neisseria.s__Neisseria_subflava	0	0	0	0	0	0	0	0	0	3.92523e-05	0	0
PWY-6125: superpathway of guanosine nucleotides de novo biosynthesis II	0	0	0	0.00024279	0	0.000510002	0	0	0.00025462	0.000515083	0.000390346	0.00013827
PWY-6125: superpathway of guanosine nucleotides de novo biosynthesis II|g__Veillonella.s__Veillonella_rogosae	0	0	0	0	0	0	0	0	0	0	8.89901e-05	0
PWY-6126: superpathway of adenosine nucleotides de novo biosynthesis II	0	0.000236477	0	0.000326774	0	0.000646099	0	0	0.000372225	0.000633154	0.000592889	0.00017652
PWY-6126: superpathway of adenosine nucleotides de novo biosynthesis II|g__Neisseria.s__Neisseria_subflava	0	0	0	0.000134916	0	0	0	0	0	0	0	0
PWY-6126: superpathway of adenosine nucleotides de novo biosynthesis II|unclassified	0	0	0	0	0	0	0	0	0	0	0	0.000122342
PWY-6147: 6-hydroxymethyl-dihydropterin diphosphate biosynthesis I	0	0	0	0.000444786	0.000285971	0.000194818	0	0	0	0.000202851	0	0
PWY-6151: S-adenosyl-L-methionine salvage I	0.000215118	0	0	0.000379232	0.000606964	0.000438771	0	0	0.000411633	0.000553076	0.000734951	0.000108941
PWY-6151: S-adenosyl-L-methionine salvage I|g__Aggregatibacter.s__Aggregatibacter_segnis	0	0	0	0	0.000304368	0	0	0	0	0	0	0
PWY-6151: S-adenosyl-L-methionine salvage I|g__Haemophilus.s__Haemophilus_parahaemolyticus	0	0	0	0	0	0	0	0	0	0.000196944	0	0
PWY-6151: S-adenosyl-L-methionine salvage I|g__Haemophilus.s__Haemophilus_parainfluenzae	0	0	0	0	0	0	0	0	0	0	0.000297103	0
PWY-6151: S-adenosyl-L-methionine salvage I|g__Neisseria.s__Neisseria_flavescens	0	0	0	0.000101333	0	0	0	0	9.68658e-05	8.65941e-05	0	0
PWY-6151: S-adenosyl-L-methionine salvage I|g__Neisseria.s__Neisseria_meningitidis	0	0	0	0	0	0	0	0	0	8.1707e-06	0	0
PWY-6151: S-adenosyl-L-methionine salvage I|g__Neisseria.s__Neisseria_subflava	0	0	0	7.10844e-05	0	0	0	0	6.67127e-05	5.75069e-05	0	0
PWY-6151: S-adenosyl-L-methionine salvage I|g__Prevotella.s__Prevotella_melaninogenica	0	0	0	0	0	0.000438771	0	0	0	0	0	0
PWY-6151: S-adenosyl-L-methionine salvage I|g__Rothia.s__Rothia_mucilaginosa	0	0	0	0	0	0	0	0	0	0	0.000212756	0
PWY-6151: S-adenosyl-L-methionine salvage I|g__Streptococcus.s__Streptococcus_australis	0	0	0	0	0	0	0	0	3.4137e-05	0	0	0
PWY-6151: S-adenosyl-L-methionine salvage I|g__Streptococcus.s__Streptococcus_sp_A12	0	0	0	0	0	0	0	0	4.49089e-05	0	0	0
PWY-6151: S-adenosyl-L-methionine salvage I|unclassified	0	0	0	0	0.000170707	0	0	0	0	0	0	0
PWY-6163: chorismate biosynthesis from 3-dehydroquinate	0.000343313	0	0	0	0.000203541	0.000318003	0	0	0.000386498	0.000450827	0.000358882	0
PWY-6163: chorismate biosynthesis from 3-dehydroquinate|g__Haemophilus.s__Haemophilus_parainfluenzae	0	0	0	0	0	0	0	0	0	0	0.000197984	0
PWY-6163: chorismate biosynthesis from 3-dehydroquinate|g__Prevotella.s__Prevotella_melaninogenica	0	0	0	0	0	0.000247423	0	0	0	0	0	0
PWY-6163: chorismate biosynthesis from 3-dehydroquinate|unclassified	0	0	0	0	0	0	0	0	0	0.000139785	0	0
PWY-621: sucrose degradation III (sucrose invertase)	0	0	0	0	0	0.000311661	0	0	0	0.000208538	0.000109997	0.000127955
PWY-621: sucrose degradation III (sucrose invertase)|g__Haemophilus.s__Haemophilus_parahaemolyticus	0	0	0	0	0	0	0	0	0	0.000123585	0	0
PWY-6277: superpathway of 5-aminoimidazole ribonucleotide biosynthesis	0.000375134	0	0	0.000303201	0.000434687	0.000319766	0.000129438	0	0.000238601	0.000442619	0.000521395	0
PWY-6277: superpathway of 5-aminoimidazole ribonucleotide biosynthesis|g__Aggregatibacter.s__Aggregatibacter_segnis	0	0	0	0	0.000220356	0	0	0	0	0	0	0
PWY-6277: superpathway of 5-aminoimidazole ribonucleotide biosynthesis|g__Fusobacterium.s__Fusobacterium_nucleatum	0.000247209	0	0	0	0	0	0	0	0	0	0	0
PWY-6277: superpathway of 5-aminoimidazole ribonucleotide biosynthesis|g__Haemophilus.s__Haemophilus_parainfluenzae	0	0	0	0	0	0	0	0	0	0	0.000197595	0
PWY-6277: superpathway of 5-aminoimidazole ribonucleotide biosynthesis|g__Neisseria.s__Neisseria_flavescens	0	0	0	7.2504e-05	0	0	0	0	0	0	0	0
PWY-6277: superpathway of 5-aminoimidazole ribonucleotide biosynthesis|g__Neisseria.s__Neisseria_subflava	0	0	0	0.000145201	0	0	0	0	0	0	0	0
PWY-6277: superpathway of 5-aminoimidazole ribonucleotide biosynthesis|g__Rothia.s__Rothia_mucilaginosa	0	0	0	0	0	0	0	0	0	0	0.000243158	0
PWY-6277: superpathway of 5-aminoimidazole ribonucleotide biosynthesis|g__Streptococcus.s__Streptococcus_australis	0	0	0	0	0	0	0	0	5.39121e-05	0	0	0
PWY-6277: superpathway of 5-aminoimidazole ribonucleotide biosynthesis|g__Streptococcus.s__Streptococcus_infantis	0	0	0	0	0	0	0	0	7.13905e-05	0	0	0
PWY-6277: superpathway of 5-aminoimidazole ribonucleotide biosynthesis|g__Streptococcus.s__Streptococcus_sp_A12	0	0	0	0	0	0	0	0	4.55205e-05	0	0	0
PWY-6277: superpathway of 5-aminoimidazole ribonucleotide biosynthesis|unclassified	0	0	0	0	0	0	0	0	0	0.000215963	0	0
PWY-6282: palmitoleate biosynthesis I (from (5Z)-dodec-5-enoate)	0	0	0	0.000344312	0.000588047	0	0.000146044	0	0.00028515	0.000242656	0.000184486	0.000184643
PWY-6282: palmitoleate biosynthesis I (from (5Z)-dodec-5-enoate)|g__Aggregatibacter.s__Aggregatibacter_segnis	0	0	0	0	0.000372724	0	0	0	0	0	0	0
PWY-6282: palmitoleate biosynthesis I (from (5Z)-dodec-5-enoate)|g__Neisseria.s__Neisseria_flavescens	0	0	0	4.71611e-05	0	0	0	0	0	4.88134e-05	0	0
PWY-6284: superpathway of unsaturated fatty acids biosynthesis (E. coli)	0	0	0	0	0	0	0	0	0.000269644	0	0	0
PWY-6305: superpathway of putrescine biosynthesis	0.000228999	0	0	0	0.000220031	0	0	0	0	0	0	0
PWY-6317: D-galactose degradation I (Leloir pathway)	0.000297226	0	0	0.000160182	0.000434296	0	0	0	0	0.000152159	0.000369305	0
PWY-6317: D-galactose degradation I (Leloir pathway)|g__Fusobacterium.s__Fusobacterium_nucleatum	0.000258983	0	0	0	0	0	0	0	0	0	0	0
PWY-6385: peptidoglycan biosynthesis III (mycobacteria)	0.00029243	0	0	0.000296113	0.000437236	0.000611931	0	0	0.000410976	0.000385306	0.000453548	0
PWY-6385: peptidoglycan biosynthesis III (mycobacteria)|g__Haemophilus.s__Haemophilus_parahaemolyticus	0	0	0	0	0	0	0	0	0	3.57651e-05	0	0
PWY-6385: peptidoglycan biosynthesis III (mycobacteria)|g__Prevotella.s__Prevotella_melaninogenica	0	0	0	0	0	0.000489788	0	0	0	0	0	0
PWY-6386: UDP-N-acetylmuramoyl-pentapeptide biosynthesis II (lysine-containing)	0.000366778	0	0	0.000330063	0.000430454	0.000556535	0	0	0.000383958	0.000392801	0.00045986	0
PWY-6386: UDP-N-acetylmuramoyl-pentapeptide biosynthesis II (lysine-containing)|g__Haemophilus.s__Haemophilus_parahaemolyticus	0	0	0	0	0	0	0	0	0	3.43489e-05	0	0
PWY-6386: UDP-N-acetylmuramoyl-pentapeptide biosynthesis II (lysine-containing)|g__Prevotella.s__Prevotella_melaninogenica	0	0	0	0	0	0.000410974	0	0	0	0	0	0
PWY-6387: UDP-N-acetylmuramoyl-pentapeptide biosynthesis I (meso-diaminopimelate containing)	0.000308191	0	0	0.000287053	0.000432955	0.000582598	0	0	0.000392712	0.00035917	0.00042528	0
PWY-6387: UDP-N-acetylmuramoyl-pentapeptide biosynthesis I (meso-diaminopimelate containing)|g__Haemophilus.s__Haemophilus_parahaemolyticus	0	0	0	0	0	0	0	0	0	2.93481e-05	0	0
PWY-6387: UDP-N-acetylmuramoyl-pentapeptide biosynthesis I (meso-diaminopimelate containing)|g__Prevotella.s__Prevotella_melaninogenica	0	0	0	0	0	0.000510305	0	0	0	0	0	0
PWY-6519: 8-amino-7-oxononanoate biosynthesis I	0	0	0	0	0.000507823	0	0	0	0	0	0	0
PWY-6519: 8-amino-7-oxononanoate biosynthesis I|g__Aggregatibacter.s__Aggregatibacter_segnis	0	0	0	0	0.000369998	0	0	0	0	0	0	0
PWY-6608: guanosine nucleotides degradation III	0	0	0	0	0	0.000463033	0	0	0.000404428	0.000179052	0.000181308	0
PWY-6609: adenine and adenosine salvage III	0.000142832	0	0	0.000384306	0.000335181	0.000352845	0.000209482	0	0.000370512	0.000411661	0.000279229	0
PWY-6609: adenine and adenosine salvage III|g__Haemophilus.s__Haemophilus_parahaemolyticus	0	0	0	0	0	0	0	0	0	8.39624e-05	0	0
PWY-6609: adenine and adenosine salvage III|g__Haemophilus.s__Haemophilus_parainfluenzae	0	0	0	0	0	0.000222484	0	0	0	0	0.000224057	0
PWY-6609: adenine and adenosine salvage III|g__Streptococcus.s__Streptococcus_mitis	0	0	0	0	0	0	0.000209482	0	0	0	0	0
PWY-6609: adenine and adenosine salvage III|unclassified	0	0	0	0.000158752	0	0	0	0	0	0	0	0
PWY-6628: superpathway of L-phenylalanine biosynthesis	0	0	0	0	0	0	0	0	0.000244899	0.000300813	0.000245861	0
PWY-6630: superpathway of L-tyrosine biosynthesis	0	0	0	0	0	0	0	0	0	0.000271863	0.000231929	0
PWY-6700: queuosine biosynthesis I (de novo)	0.000329369	0	0	0.000352687	0.000548558	0.000680555	0.000216058	0	0.000159398	0.000312278	0.000459785	0
PWY-6700: queuosine biosynthesis I (de novo)|g__Aggregatibacter.s__Aggregatibacter_segnis	0	0	0	0	0.000237433	0	0	0	0	0	0	0
PWY-6700: queuosine biosynthesis I (de novo)|g__Haemophilus.s__Haemophilus_parahaemolyticus	0	0	0	0	0	0	0	0	0	0.000185429	0	0
PWY-6700: queuosine biosynthesis I (de novo)|g__Haemophilus.s__Haemophilus_parainfluenzae	0	0	0	0	0	0	0	0	0	0	0.000232539	0
PWY-6700: queuosine biosynthesis I (de novo)|g__Neisseria.s__Neisseria_flavescens	0	0	0	0.000114295	0	0	0	0	0	0	0	0
PWY-6700: queuosine biosynthesis I (de novo)|g__Neisseria.s__Neisseria_subflava	0	0	0	0.00013497	0	0	0	0	0	0	0	0
PWY-6700: queuosine biosynthesis I (de novo)|g__Prevotella.s__Prevotella_melaninogenica	0	0	0	0	0	0.000520923	0	0	0	0	0	0
PWY-6703: preQ0 biosynthesis	0.000176901	0	0	0.000286875	0	0.000586055	0	0	0.000251996	0.00033545	0	0
PWY-6703: preQ0 biosynthesis|g__Neisseria.s__Neisseria_subflava	0	0	0	0	0	0	0	0	0	0.000108355	0	0
PWY-6703: preQ0 biosynthesis|g__Veillonella.s__Veillonella_atypica	0	0	0	0	0	0.000363741	0	0	0	0	0	0
PWY-6803: phosphatidylcholine acyl editing	0	0	0	0	0	0	0	0	0.000213322	0.000291544	0	0
PWY-6803: phosphatidylcholine acyl editing|g__Neisseria.s__Neisseria_flavescens	0	0	0	0	0	0	0	0	1.48282e-05	2.97689e-05	0	0
PWY-6803: phosphatidylcholine acyl editing|g__Neisseria.s__Neisseria_meningitidis	0	0	0	0	0	0	0	0	7.11083e-05	0	0	0
PWY-6803: phosphatidylcholine acyl editing|g__Neisseria.s__Neisseria_subflava	0	0	0	0	0	0	0	0	0.000119533	0.000163246	0	0
PWY-6823: molybdopterin biosynthesis	0	0	0	0	0	0	0	0	0	0	0.000279497	0
PWY-6823: molybdopterin biosynthesis|g__Haemophilus.s__Haemophilus_influenzae	0	0	0	0	0	0	0	0	0	0	5.70467e-05	0
PWY-6823: molybdopterin biosynthesis|g__Haemophilus.s__Haemophilus_parainfluenzae	0	0	0	0	0	0	0	0	0	0	0.000153371	0
PWY-6897: thiamine diphosphate salvage II	0	0	0	0	0	0.000526032	0	0	0.000165791	0.000374652	0	0
PWY-6897: thiamine diphosphate salvage II|g__Streptococcus.s__Streptococcus_mitis	0	0	0	0	0	0	0	0	0	5.42988e-05	0	0
PWY-6922: L-N&delta;-acetylornithine biosynthesis	0	0	0	0	0.000203403	0	0	0	0	0	0	0
PWY-6936: seleno-amino acid biosynthesis (plants)	0	0	0	0	0.000492467	0	0.00014519	0	0.000508143	0.000353328	0.000387238	0
PWY-6936: seleno-amino acid biosynthesis (plants)|g__Aggregatibacter.s__Aggregatibacter_segnis	0	0	0	0	0.000179472	0	0	0	0	0	0	0
PWY-6936: seleno-amino acid biosynthesis (plants)|g__Haemophilus.s__Haemophilus_parahaemolyticus	0	0	0	0	0	0	0	0	0	0.000201594	0	0
PWY-6936: seleno-amino acid biosynthesis (plants)|g__Haemophilus.s__Haemophilus_parainfluenzae	0	0	0	0	0	0	0	0	0	0	0.000184891	0
PWY-6936: seleno-amino acid biosynthesis (plants)|g__Neisseria.s__Neisseria_flavescens	0	0	0	0	0	0	0	0	0.000108362	0	0	0
PWY-6936: seleno-amino acid biosynthesis (plants)|g__Neisseria.s__Neisseria_subflava	0	0	0	0	0	0	0	0	8.96814e-05	0	0	0
PWY-6936: seleno-amino acid biosynthesis (plants)|g__Veillonella.s__Veillonella_dispar	0	0	0	0	0	0	0	0	0	0	4.95318e-05	0
PWY-702: L-methionine biosynthesis II	0	0	0	0.000324741	0	0	0.000148367	0	0.00053046	0.000291093	0.000301987	0
PWY-702: L-methionine biosynthesis II|g__Rothia.s__Rothia_mucilaginosa	0	0	0	0	0	0	0	0	0	0	0.000205632	0
PWY-7111: pyruvate fermentation to isobutanol (engineered)	0	0	0	0.000637629	0	0.000262442	0.000188018	0	0.000367678	0.000589605	0.000328867	0
PWY-7111: pyruvate fermentation to isobutanol (engineered)|g__Haemophilus.s__Haemophilus_parahaemolyticus	0	0	0	0	0	0	0	0	0	7.26053e-05	0	0
PWY-7111: pyruvate fermentation to isobutanol (engineered)|g__Neisseria.s__Neisseria_flavescens	0	0	0	1.63856e-05	0	0	0	0	0	0	0	0
PWY-7111: pyruvate fermentation to isobutanol (engineered)|g__Neisseria.s__Neisseria_subflava	0	0	0	0.000115996	0	0	0	0	0	9.29201e-05	0	0
PWY-7115: C4 photosynthetic carbon assimilation cycle, NAD-ME type	0	0	0	0	0	0	0	0	0	0.000234447	0.000322821	0
PWY-7115: C4 photosynthetic carbon assimilation cycle, NAD-ME type|g__Haemophilus.s__Haemophilus_parainfluenzae	0	0	0	0	0	0	0	0	0	0	0.000238084	0
PWY-7117: C4 photosynthetic carbon assimilation cycle, PEPCK type	0	0	0	0	0	0	0	0	0	0	0.000349377	0
PWY-7117: C4 photosynthetic carbon assimilation cycle, PEPCK type|g__Haemophilus.s__Haemophilus_parainfluenzae	0	0	0	0	0	0	0	0	0	0	0.000260628	0
PWY-7197: pyrimidine deoxyribonucleotide phosphorylation	0	0.000280331	0	0.000158684	0	0	0	0	0.00016893	0.000464429	0.000409686	0.000196905
PWY-7197: pyrimidine deoxyribonucleotide phosphorylation|g__Haemophilus.s__Haemophilus_parainfluenzae	0	0	0	0	0	0	0	0	0	0	0.000279524	0
PWY-7197: pyrimidine deoxyribonucleotide phosphorylation|g__Neisseria.s__Neisseria_subflava	0	0	0	7.6642e-05	0	0	0	0	0	0	0	0
PWY-7197: pyrimidine deoxyribonucleotide phosphorylation|unclassified	0	0	0	0	0	0	0	0	0	0	0	9.97518e-05
PWY-7198: pyrimidine deoxyribonucleotides de novo biosynthesis IV	0	0	0	0	0	0	0	0	0	0	0.000403759	0
PWY-7199: pyrimidine deoxyribonucleosides salvage	0.000236247	0	0	0	0.000278038	0.000371484	0.000243867	0	0.000106224	0	0.00060168	0
PWY-7199: pyrimidine deoxyribonucleosides salvage|g__Aggregatibacter.s__Aggregatibacter_segnis	0	0	0	0	0.000246	0	0	0	0	0	0	0
PWY-7199: pyrimidine deoxyribonucleosides salvage|g__Haemophilus.s__Haemophilus_parainfluenzae	0	0	0	0	0	0	0	0	0	0	0.000225183	0
PWY-7199: pyrimidine deoxyribonucleosides salvage|g__Prevotella.s__Prevotella_melaninogenica	0	0	0	0	0	0.000304117	0	0	0	0	0	0
PWY-7204: pyridoxal 5'-phosphate salvage II (plants)	0	0	0	0	0	0	0	0	0	0.000109341	0	0
PWY-7208: superpathway of pyrimidine nucleobases salvage	0	0	0	0.000349479	0	0.000467948	0	0	0.000172438	0.000278009	0.000589089	0.000145855
PWY-7208: superpathway of pyrimidine nucleobases salvage|g__Haemophilus.s__Haemophilus_parainfluenzae	0	0	0	0	0	0	0	0	0	0	0.000178723	0
PWY-7208: superpathway of pyrimidine nucleobases salvage|g__Neisseria.s__Neisseria_subflava	0	0	0	4.11849e-05	0	0	0	0	0	0	0	0
PWY-7208: superpathway of pyrimidine nucleobases salvage|g__Veillonella.s__Veillonella_rogosae	0	0	0	0	0	0	0	0	0	0	0.000107858	0
PWY-7208: superpathway of pyrimidine nucleobases salvage|unclassified	0	0	0	0.000180728	0	0	0	0	0	0	0	0
PWY-7220: adenosine deoxyribonucleotides de novo biosynthesis II	0	0.000330254	0	0.00022909	0	0.000692069	0	0	0.000228906	0.00049343	0.000691101	0.000269858
PWY-7220: adenosine deoxyribonucleotides de novo biosynthesis II|g__Haemophilus.s__Haemophilus_parainfluenzae	0	0	0	0	0	0	0	0	0	0	0.000199487	0
PWY-7220: adenosine deoxyribonucleotides de novo biosynthesis II|g__Neisseria.s__Neisseria_subflava	0	0	0	0.000170853	0	0	0	0	0	0	0	0
PWY-7220: adenosine deoxyribonucleotides de novo biosynthesis II|g__Streptococcus.s__Streptococcus_mitis	0	0	0	0	0	0	0	0	0	0.000122323	0	0
PWY-7220: adenosine deoxyribonucleotides de novo biosynthesis II|g__Veillonella.s__Veillonella_infantium	0	0	0	0	0	0	0	0	0	0	2.8782e-05	0
PWY-7220: adenosine deoxyribonucleotides de novo biosynthesis II|g__Veillonella.s__Veillonella_rogosae	0	0	0	0	0	0	0	0	0	0	0.000123614	0
PWY-7220: adenosine deoxyribonucleotides de novo biosynthesis II|unclassified	0	0	0	0	0	0	0	0	0	0	0	0.000110536
PWY-7221: guanosine ribonucleotides de novo biosynthesis	0.00036328	0	0	0.000288976	0.000321691	0.000552511	0	0	0.000328816	0.000574532	0.000419477	0.000132492
PWY-7221: guanosine ribonucleotides de novo biosynthesis|g__Fusobacterium.s__Fusobacterium_nucleatum	0.000342404	0	0	0	0.000235388	0	0	0	0	0	0	0
PWY-7221: guanosine ribonucleotides de novo biosynthesis|g__Gemella.s__Gemella_sanguinis	0	0	0	0	0	0	0	0	0.000115731	0	0	0
PWY-7221: guanosine ribonucleotides de novo biosynthesis|g__Haemophilus.s__Haemophilus_parahaemolyticus	0	0	0	0	0	0	0	0	0	9.47265e-05	0	0
PWY-7221: guanosine ribonucleotides de novo biosynthesis|g__Haemophilus.s__Haemophilus_parainfluenzae	0	0	0	0	0	0	0	0	0	6.07097e-05	0.000170614	0
PWY-7221: guanosine ribonucleotides de novo biosynthesis|g__Neisseria.s__Neisseria_subflava	0	0	0	0.000127331	0	0	0	0	0	0	0	0
PWY-7221: guanosine ribonucleotides de novo biosynthesis|g__Prevotella.s__Prevotella_melaninogenica	0	0	0	0	0	0.000410424	0	0	0	0	0	0
PWY-7221: guanosine ribonucleotides de novo biosynthesis|g__Veillonella.s__Veillonella_rogosae	0	0	0	0	0	0	0	0	0	0	0.000126308	0
PWY-7221: guanosine ribonucleotides de novo biosynthesis|unclassified	0	0	0	0	0	0	0	0	3.35342e-05	0.000146584	0	9.48405e-05
PWY-7222: guanosine deoxyribonucleotides de novo biosynthesis II	0	0.000330254	0	0.00022909	0	0.000692069	0	0	0.000228906	0.00049343	0.000691101	0.000269858
PWY-7222: guanosine deoxyribonucleotides de novo biosynthesis II|g__Haemophilus.s__Haemophilus_parainfluenzae	0	0	0	0	0	0	0	0	0	0	0.000199487	0
PWY-7222: guanosine deoxyribonucleotides de novo biosynthesis II|g__Neisseria.s__Neisseria_subflava	0	0	0	0.000170853	0	0	0	0	0	0	0	0
PWY-7222: guanosine deoxyribonucleotides de novo biosynthesis II|g__Streptococcus.s__Streptococcus_mitis	0	0	0	0	0	0	0	0	0	0.000122323	0	0
PWY-7222: guanosine deoxyribonucleotides de novo biosynthesis II|g__Veillonella.s__Veillonella_infantium	0	0	0	0	0	0	0	0	0	0	2.8782e-05	0
PWY-7222: guanosine deoxyribonucleotides de novo biosynthesis II|g__Veillonella.s__Veillonella_rogosae	0	0	0	0	0	0	0	0	0	0	0.000123614	0
PWY-7222: guanosine deoxyribonucleotides de novo biosynthesis II|unclassified	0	0	0	0	0	0	0	0	0	0	0	0.000110536
PWY-7228: superpathway of guanosine nucleotides de novo biosynthesis I	0	0	0	0.000263558	0	0.000606114	0	0	0.000281704	0.000536031	0.000495456	0.000162553
PWY-7228: superpathway of guanosine nucleotides de novo biosynthesis I|g__Haemophilus.s__Haemophilus_parainfluenzae	0	0	0	0	0	0	0	0	0	0	0.000185723	0
PWY-7228: superpathway of guanosine nucleotides de novo biosynthesis I|g__Neisseria.s__Neisseria_subflava	0	0	0	0.000139837	0	0	0	0	0	0	0	0
PWY-7228: superpathway of guanosine nucleotides de novo biosynthesis I|g__Veillonella.s__Veillonella_rogosae	0	0	0	0	0	0	0	0	0	0	0.00012678	0
PWY-7228: superpathway of guanosine nucleotides de novo biosynthesis I|unclassified	0	0	0	0	0	0	0	0	0	0	0	0.00010368
PWY-7229: superpathway of adenosine nucleotides de novo biosynthesis I	0	0.000229701	0	0.000390742	0	0.000655102	0	0	0.000475705	0.000692912	0.000597604	0.000170169
PWY-7229: superpathway of adenosine nucleotides de novo biosynthesis I|g__Neisseria.s__Neisseria_subflava	0	0	0	0.000130952	0	0	0	0	0	0	0	0
PWY-7229: superpathway of adenosine nucleotides de novo biosynthesis I|unclassified	0	0	0	0	0	0	0	0	0	0	0	0.000131089
PWY-7234: inosine-5'-phosphate biosynthesis III	0	0	0	0.000130348	0.000268518	0.00035766	0	0	0.000432564	0.000353821	0.000516321	0
PWY-7238: sucrose biosynthesis II	0	0	0	0.000335042	0.00031739	0	0.000247404	0	0.000470768	0.000637671	0.000460671	0
PWY-7238: sucrose biosynthesis II|g__Haemophilus.s__Haemophilus_parahaemolyticus	0	0	0	0	0	0	0	0	0	0.000186373	0	0
PWY-7238: sucrose biosynthesis II|g__Haemophilus.s__Haemophilus_parainfluenzae	0	0	0	0	0	0	0	0	0	7.00389e-05	0.000258674	0
PWY-7238: sucrose biosynthesis II|g__Neisseria.s__Neisseria_flavescens	0	0	0	3.97415e-05	0	0	0	0	9.55306e-05	0	0	0
PWY-7238: sucrose biosynthesis II|g__Neisseria.s__Neisseria_meningitidis	0	0	0	2.8565e-05	0	0	0	0	3.88808e-05	0	0	0
PWY-7238: sucrose biosynthesis II|g__Neisseria.s__Neisseria_subflava	0	0	0	8.24547e-05	0	0	0	0	5.2817e-05	0	0	0
PWY-7238: sucrose biosynthesis II|g__Streptococcus.s__Streptococcus_australis	0	0	0	0	0	0	0	0	5.82173e-05	0	0	0
PWY-7238: sucrose biosynthesis II|g__Streptococcus.s__Streptococcus_sp_A12	0	0	0	0	0	0	0	0	4.74068e-05	0	0	0
PWY-724: superpathway of L-lysine, L-threonine and L-methionine biosynthesis II	0	0	0	0	0	0	0	0	0.000278998	0	0.000284694	0
PWY-724: superpathway of L-lysine, L-threonine and L-methionine biosynthesis II|g__Neisseria.s__Neisseria_subflava	0	0	0	0	0	0	0	0	3.82961e-05	0	0	0
PWY-7282: 4-amino-2-methyl-5-diphosphomethylpyrimidine biosynthesis II	0	0	0	0	0	0	0	0	0	0.000142032	0	0
PWY-7345: superpathway of anaerobic sucrose degradation	0	0	0	0	0	0	0	0	0	0	0.000219827	0
PWY-7356: thiamine diphosphate salvage IV (yeast)	0	0	0	0	0	0	0	0	0	0.000315034	0	0
PWY-7356: thiamine diphosphate salvage IV (yeast)|g__Streptococcus.s__Streptococcus_mitis	0	0	0	0	0	0	0	0	0	0.000136845	0	0
PWY-7357: thiamine phosphate formation from pyrithiamine and oxythiamine (yeast)	0	0	0	0	0	0.000455289	0	0	0.000159152	0.000423358	0	0
PWY-7357: thiamine phosphate formation from pyrithiamine and oxythiamine (yeast)|g__Streptococcus.s__Streptococcus_mitis	0	0	0	0	0	0	0	0	0	0.000117449	0	0
PWY-7357: thiamine phosphate formation from pyrithiamine and oxythiamine (yeast)|unclassified	0	0	0	0	0	0	0	0	0	7.46537e-05	0	0
PWY-7383: anaerobic energy metabolism (invertebrates, cytosol)	0	0	0	0	0	0	0	0	0	0	0.000279804	0
PWY-7400: L-arginine biosynthesis IV (archaebacteria)	0	0	0	0	0	0	0	0	0	0.000222403	0	0
PWY-7560: methylerythritol phosphate pathway II	0	0	0	0	0.000349588	0	0	0	0	0.000232207	0	0
PWY-7663: gondoate biosynthesis (anaerobic)	0.000294233	0	0	0.000392569	0.000645427	0.000657682	0.000157774	0	0.000299243	0.000381879	0.000270933	0.00024905
PWY-7663: gondoate biosynthesis (anaerobic)|g__Aggregatibacter.s__Aggregatibacter_segnis	0	0	0	0	0.00041729	0	0	0	0	0	0	0
PWY-7663: gondoate biosynthesis (anaerobic)|g__Haemophilus.s__Haemophilus_parainfluenzae	0	0	0	0	0	0	0	0	0	0	0.000231156	4.27034e-05
PWY-7663: gondoate biosynthesis (anaerobic)|g__Neisseria.s__Neisseria_flavescens	0	0	0	0.000104742	0	0	0	0	0	0.000117722	0	0
PWY-7663: gondoate biosynthesis (anaerobic)|g__Neisseria.s__Neisseria_subflava	0	0	0	0.000105296	0	0	0	0	0	4.06222e-05	0	0
PWY-7663: gondoate biosynthesis (anaerobic)|g__Prevotella.s__Prevotella_melaninogenica	0	0	0	0	0	0.000375691	0	0	0	0	0	0
PWY-7663: gondoate biosynthesis (anaerobic)|g__Streptococcus.s__Streptococcus_mitis	0	0	0	0	0	0	0.000138816	0	0	0	0	0
PWY-7663: gondoate biosynthesis (anaerobic)|g__Veillonella.s__Veillonella_atypica	0	0	0	0	0	0.000228404	0	0	0	0	0	0
PWY-7664: oleate biosynthesis IV (anaerobic)	0	0	0	0.000377645	0.000603621	0	0.00015522	0	0.00028225	0.000267424	0.000213945	0.000198596
PWY-7664: oleate biosynthesis IV (anaerobic)|g__Aggregatibacter.s__Aggregatibacter_segnis	0	0	0	0	0.000367508	0	0	0	0	0	0	0
PWY-7664: oleate biosynthesis IV (anaerobic)|g__Neisseria.s__Neisseria_flavescens	0	0	0	5.23928e-05	0	0	0	0	0	5.42085e-05	0	0
PWY-7790: UMP biosynthesis II	0.000323515	0	0	0.000319927	0	0.000535115	0.000135524	0	0.000327447	0	0.000294629	0.000121891
PWY-7790: UMP biosynthesis II|g__Neisseria.s__Neisseria_flavescens	0	0	0	7.43896e-05	0	0	0	0	5.97172e-05	0	0	0
PWY-7790: UMP biosynthesis II|g__Neisseria.s__Neisseria_subflava	0	0	0	0.000100391	0	0	0	0	0.000136852	0	0	0
PWY-7791: UMP biosynthesis III	0.000430688	0	0	0.000319927	0.00027297	0.000535115	0.000135524	0	0.000327447	0	0.000294629	0.000121891
PWY-7791: UMP biosynthesis III|g__Fusobacterium.s__Fusobacterium_nucleatum	0.000391121	0	0	0	0	0	0	0	0	0	0	0
PWY-7791: UMP biosynthesis III|g__Neisseria.s__Neisseria_flavescens	0	0	0	7.43896e-05	0	0	0	0	5.97172e-05	0	0	0
PWY-7791: UMP biosynthesis III|g__Neisseria.s__Neisseria_subflava	0	0	0	0.000100391	0	0	0	0	0.000136852	0	0	0
PWY-7851: coenzyme A biosynthesis II (eukaryotic)	0	0	0	0.000166958	0.000357265	0.000401708	0	0	0.000189371	0.000247051	0.000298737	0
PWY-7851: coenzyme A biosynthesis II (eukaryotic)|g__Aggregatibacter.s__Aggregatibacter_segnis	0	0	0	0	0.000272064	0	0	0	0	0	0	0
PWY-7851: coenzyme A biosynthesis II (eukaryotic)|g__Haemophilus.s__Haemophilus_parainfluenzae	0	0	0	0	0	0	0	0	0	0	0.000279502	0
PWY-7851: coenzyme A biosynthesis II (eukaryotic)|g__Neisseria.s__Neisseria_flavescens	0	0	0	0	0	0	0	0	0	3.22477e-05	0	0
PWY-7851: coenzyme A biosynthesis II (eukaryotic)|g__Neisseria.s__Neisseria_subflava	0	0	0	0	0	0	0	0	0	4.57024e-05	0	0
PWY-7851: coenzyme A biosynthesis II (eukaryotic)|g__Prevotella.s__Prevotella_melaninogenica	0	0	0	0	0	0.000399116	0	0	0	0	0	0
PWY-7858: (5Z)-dodecenoate biosynthesis II	0	0	0	0.000345815	0	0	0	0	0	0.000206121	0.000168559	0
PWY-7883: anhydromuropeptides recycling II	0	0	0	0	0	0	0	0	0	0	0.000226328	0
PWY-7953: UDP-N-acetylmuramoyl-pentapeptide biosynthesis III (meso-diaminopimelate containing)	0.000287423	0	0	0	0.000373241	0.00053111	0	0	0.000330063	0.000288126	0.000415291	0
PWY-7953: UDP-N-acetylmuramoyl-pentapeptide biosynthesis III (meso-diaminopimelate containing)|g__Prevotella.s__Prevotella_melaninogenica	0	0	0	0	0	0.000388713	0	0	0	0	0	0
PWY-7953: UDP-N-acetylmuramoyl-pentapeptide biosynthesis III (meso-diaminopimelate containing)|g__Veillonella.s__Veillonella_rogosae	0	0	0	0	0	0	0	0	0	0	9.88846e-05	0
PWY-7977: L-methionine biosynthesis IV	0.000309178	0	0	0	0.000265428	0.000401411	0	0	0	0.000199007	0.000473886	0
PWY-7977: L-methionine biosynthesis IV|g__Aggregatibacter.s__Aggregatibacter_segnis	0	0	0	0	0.000232832	0	0	0	0	0	0	0
PWY-7977: L-methionine biosynthesis IV|g__Fusobacterium.s__Fusobacterium_nucleatum	0.000220644	0	0	0	0	0	0	0	0	0	0	0
PWY-7977: L-methionine biosynthesis IV|g__Haemophilus.s__Haemophilus_parahaemolyticus	0	0	0	0	0	0	0	0	0	1.1637e-05	0	0
PWY-7977: L-methionine biosynthesis IV|g__Haemophilus.s__Haemophilus_parainfluenzae	0	0	0	0	0	0	0	0	0	0	0.000249658	0
PWY-7977: L-methionine biosynthesis IV|g__Prevotella.s__Prevotella_melaninogenica	0	0	0	0	0	0.000349875	0	0	0	0	0	0
PWY-8004: Entner-Doudoroff pathway I	0	0	0	0	0	0	0	0	0	0.000322053	0	0
PWY-8073: lipid IVA biosynthesis (P. putida)	0	0	0	0.000191866	0.000283055	0	0	0	0.000204324	0.000164281	0	0
PWY-8073: lipid IVA biosynthesis (P. putida)|g__Neisseria.s__Neisseria_flavescens	0	0	0	0	0	0	0	0	2.60407e-05	0	0	0
PWY-8073: lipid IVA biosynthesis (P. putida)|g__Neisseria.s__Neisseria_subflava	0	0	0	8.26571e-05	0	0	0	0	0	0	0	0
PWY-8178: pentose phosphate pathway (non-oxidative branch) II	0.000189238	0.000165375	0	0.000303883	0.000319351	0.000289885	0	0	0.000276248	0.000259851	0.000318384	0.000150328
PWY-8178: pentose phosphate pathway (non-oxidative branch) II|g__Aggregatibacter.s__Aggregatibacter_segnis	0	0	0	0	0.000268956	0	0	0	0	0	0	0
PWY-8178: pentose phosphate pathway (non-oxidative branch) II|g__Haemophilus.s__Haemophilus_parainfluenzae	0	0	0	0	0	0	0	0	0	0	0.000235718	0
PWY-8178: pentose phosphate pathway (non-oxidative branch) II|g__Neisseria.s__Neisseria_flavescens	0	0	0	9.86489e-05	0	0	0	0	0	0	0	0
PWY-8178: pentose phosphate pathway (non-oxidative branch) II|g__Neisseria.s__Neisseria_subflava	0	0	0	8.69202e-05	0	0	0	0	0	0	0	0
PWY-8187: L-arginine degradation XIII (reductive Stickland reaction)	0	0	0	0	0.000158925	0	0	0	0.000302802	0	0	0
PWY-841: superpathway of purine nucleotides de novo biosynthesis I	0	0	0	0.000221696	0	0	0	0	0.000299646	0.000467069	0.000484985	0
PWY-I9: L-cysteine biosynthesis VI (from L-methionine)	0.000214957	0	0	0.000386157	0	0	0	0	0.000231301	0.000239176	0.000559162	0
PWY-I9: L-cysteine biosynthesis VI (from L-methionine)|g__Haemophilus.s__Haemophilus_parainfluenzae	0	0	0	0	0	0	0	0	0	0	0.000214548	0
PWY0-1061: superpathway of L-alanine biosynthesis	0	0	0	0.000211621	0	0	0	0	0	0.000344841	0.000402298	0
PWY0-1061: superpathway of L-alanine biosynthesis|g__Haemophilus.s__Haemophilus_parainfluenzae	0	0	0	0	0	0	0	0	0	0	0.000182545	0
PWY0-1061: superpathway of L-alanine biosynthesis|g__Neisseria.s__Neisseria_flavescens	0	0	0	4.20429e-05	0	0	0	0	0	0	0	0
PWY0-1241: ADP-L-glycero-&beta;-D-manno-heptose biosynthesis	0	0	0	0	0.00022135	0	0	0	0	0.000145253	0.000296287	0
PWY0-1241: ADP-L-glycero-&beta;-D-manno-heptose biosynthesis|g__Haemophilus.s__Haemophilus_parainfluenzae	0	0	0	0	0	0	0	0	0	0	0.000226031	0
PWY0-1261: anhydromuropeptides recycling I	0	0	0	0	0.000320014	0	0	0	0	0.00020116	0.000387533	0
PWY0-1296: purine ribonucleosides degradation	0	0	0	0	0	0	0.000287117	0	0.000250017	0.000263035	0	0
PWY0-1297: superpathway of purine deoxyribonucleosides degradation	0	0	0	0	0	0	0.000176725	0	0.000165474	0	0	0
PWY0-1319: CDP-diacylglycerol biosynthesis II	0.000298154	0	0	0.000208093	0.000398833	0.000429698	0	0	0.000452678	0.000662692	0.000484701	0
PWY0-1319: CDP-diacylglycerol biosynthesis II|g__Aggregatibacter.s__Aggregatibacter_segnis	0	0	0	0	0.00035024	0	0	0	0	0	0	0
PWY0-1319: CDP-diacylglycerol biosynthesis II|g__Haemophilus.s__Haemophilus_parahaemolyticus	0	0	0	0	0	0	0	0	0	0.000265237	0	0
PWY0-1319: CDP-diacylglycerol biosynthesis II|g__Haemophilus.s__Haemophilus_parainfluenzae	0	0	0	0	0	0	0	0	0	0	0.000376459	0
PWY0-1319: CDP-diacylglycerol biosynthesis II|g__Neisseria.s__Neisseria_flavescens	0	0	0	0	0	0	0	0	1.83362e-05	0	0	0
PWY0-1319: CDP-diacylglycerol biosynthesis II|g__Neisseria.s__Neisseria_meningitidis	0	0	0	0	0	0	0	0	2.99229e-05	0	0	0
PWY0-1319: CDP-diacylglycerol biosynthesis II|g__Neisseria.s__Neisseria_subflava	0	0	0	0	0	0	0	0	7.32265e-05	6.8752e-05	0	0
PWY0-1319: CDP-diacylglycerol biosynthesis II|g__Prevotella.s__Prevotella_melaninogenica	0	0	0	0	0	0.000351829	0	0	0	0	0	0
PWY0-1319: CDP-diacylglycerol biosynthesis II|unclassified	0.000184273	0	0	0	0	0	0	0	0	0	0	0
PWY0-1477: ethanolamine utilization	0	0	0	0	0	0	0.000129912	0	0.000202599	0	0	0
PWY0-1477: ethanolamine utilization|unclassified	0	0	0	0	0	0	0.000129912	0	0	0	0	0
PWY0-1479: tRNA processing	0	0	0	0.000287236	0	0	0	0	0.000278834	0.000262284	0.000320492	0
PWY0-1479: tRNA processing|g__Haemophilus.s__Haemophilus_parahaemolyticus	0	0	0	0	0	0	0	0	0	0.000226325	0	0
PWY0-1479: tRNA processing|g__Haemophilus.s__Haemophilus_parainfluenzae	0	0	0	0	0	0	0	0	0	0	0.000144698	0
PWY0-1586: peptidoglycan maturation (meso-diaminopimelate containing)	0.000246238	0	0	0.00115289	0.000917062	0.00039917	6.35232e-05	0	0.000682634	0.00118263	0.000883002	0.000223208
PWY0-1586: peptidoglycan maturation (meso-diaminopimelate containing)|g__Aggregatibacter.s__Aggregatibacter_segnis	0	0	0	0	0.000819856	0	0	0	0	0	0	0
PWY0-1586: peptidoglycan maturation (meso-diaminopimelate containing)|g__Haemophilus.s__Haemophilus_parahaemolyticus	0	0	0	0	0	0	0	0	0	0.00037236	0	0
PWY0-1586: peptidoglycan maturation (meso-diaminopimelate containing)|g__Haemophilus.s__Haemophilus_parainfluenzae	0	0	0	0	0	0	0	0	0	0	0.000625558	0
PWY0-1586: peptidoglycan maturation (meso-diaminopimelate containing)|g__Neisseria.s__Neisseria_flavescens	0	0	0	0.000182451	0	0	0	0	8.12425e-05	0.000191793	0	0
PWY0-1586: peptidoglycan maturation (meso-diaminopimelate containing)|g__Neisseria.s__Neisseria_meningitidis	0	0	0	6.23107e-05	0	0	0	0	8.66957e-05	0.000121426	0	0
PWY0-1586: peptidoglycan maturation (meso-diaminopimelate containing)|g__Neisseria.s__Neisseria_subflava	0	0	0	0.00034098	0	0	0	0	0.00028922	0.000401554	0	0
PWY0-1586: peptidoglycan maturation (meso-diaminopimelate containing)|g__Streptococcus.s__Streptococcus_mitis	0	0	0	0	0	0	0	0	0	0	0.000152111	0
PWY0-1586: peptidoglycan maturation (meso-diaminopimelate containing)|g__Veillonella.s__Veillonella_atypica	0	0	0	0	0	0.000240003	0	0	0	0	0	0
PWY0-1586: peptidoglycan maturation (meso-diaminopimelate containing)|unclassified	0.000246238	0	0	0.000232817	0	0	6.35232e-05	0	0.000156126	0	0	0.000223208
PWY0-162: superpathway of pyrimidine ribonucleotides de novo biosynthesis	0	0	0	0.000329394	0	0	0	0	0.000242026	0	0.000349719	0
PWY0-162: superpathway of pyrimidine ribonucleotides de novo biosynthesis|g__Neisseria.s__Neisseria_subflava	0	0	0	0.000101128	0	0	0	0	0	0	0	0
PWY0-845: superpathway of pyridoxal 5'-phosphate biosynthesis and salvage	0	0	0	0	0	0	0	0	0	0.000108632	0.000199688	0
PWY0-862: (5Z)-dodecenoate biosynthesis I	0	0	0	0.000428769	0.00059465	0	0.000153801	0	0.00026602	0.00027439	0.000264078	0.00019005
PWY0-862: (5Z)-dodecenoate biosynthesis I|g__Aggregatibacter.s__Aggregatibacter_segnis	0	0	0	0	0.000339038	0	0	0	0	0	0	0
PWY0-862: (5Z)-dodecenoate biosynthesis I|g__Haemophilus.s__Haemophilus_parainfluenzae	0	0	0	0	0	0	0	0	0	0	0.00023561	0
PWY0-862: (5Z)-dodecenoate biosynthesis I|g__Neisseria.s__Neisseria_flavescens	0	0	0	4.87241e-05	0	0	0	0	0	5.01321e-05	0	0
PWY4FS-7: phosphatidylglycerol biosynthesis I (plastidic)	0.00033105	0	0	0	0.000322633	0	0	0	0.000227446	0.000547263	0.000552362	0
PWY4FS-7: phosphatidylglycerol biosynthesis I (plastidic)|g__Aggregatibacter.s__Aggregatibacter_segnis	0	0	0	0	0.000237867	0	0	0	0	0	0	0
PWY4FS-7: phosphatidylglycerol biosynthesis I (plastidic)|g__Haemophilus.s__Haemophilus_parahaemolyticus	0	0	0	0	0	0	0	0	0	0.000282449	0	0
PWY4FS-8: phosphatidylglycerol biosynthesis II (non-plastidic)	0.00033105	0	0	0	0.000322633	0	0	0	0.000227446	0.000547263	0.000552362	0
PWY4FS-8: phosphatidylglycerol biosynthesis II (non-plastidic)|g__Aggregatibacter.s__Aggregatibacter_segnis	0	0	0	0	0.000237867	0	0	0	0	0	0	0
PWY4FS-8: phosphatidylglycerol biosynthesis II (non-plastidic)|g__Haemophilus.s__Haemophilus_parahaemolyticus	0	0	0	0	0	0	0	0	0	0.000282449	0	0
PWY66-389: phytol degradation	0	0	0	0	0	0	0	0	0.000204993	0	0	0
PWY66-389: phytol degradation|g__Neisseria.s__Neisseria_flavescens	0	0	0	0	0	0	0	0	1.35673e-05	0	0	0
PWY66-389: phytol degradation|g__Neisseria.s__Neisseria_subflava	0	0	0	0	0	0	0	0	9.3484e-05	0	0	0
PWY66-399: gluconeogenesis III	0	0	0	0	0	0	0	0	0	0	0.000243712	0
PWY66-429: fatty acid biosynthesis initiation (mitochondria)	0.000303134	0	0	0.000368915	0.000611231	0.000338227	0	0	0.000469096	0.000208786	0.000376698	0
PWY66-429: fatty acid biosynthesis initiation (mitochondria)|g__Aggregatibacter.s__Aggregatibacter_segnis	0	0	0	0	0.000180365	0	0	0	0	0	0	0
PWY66-429: fatty acid biosynthesis initiation (mitochondria)|g__Capnocytophaga.s__Capnocytophaga_leadbetteri	0	0	0	0	0.000184564	0	0	0	0	0	0	0
PWY66-429: fatty acid biosynthesis initiation (mitochondria)|g__Haemophilus.s__Haemophilus_parainfluenzae	0	0	0	0	0	0	0	0	0	0	0.000324748	0
PWY66-429: fatty acid biosynthesis initiation (mitochondria)|g__Neisseria.s__Neisseria_flavescens	0	0	0	0.000169012	0	0	0	0	0.000129813	6.00634e-05	0	0
PWY66-429: fatty acid biosynthesis initiation (mitochondria)|g__Neisseria.s__Neisseria_subflava	0	0	0	5.242e-05	0	0	0	0	7.47373e-05	0.000110007	0	0
PYRIDNUCSYN-PWY: NAD de novo biosynthesis I (from aspartate)	0.000338268	0	0	0.000200518	0	0.000381154	0	0	0	0	0	0
PYRIDNUCSYN-PWY: NAD de novo biosynthesis I (from aspartate)|g__Prevotella.s__Prevotella_melaninogenica	0	0	0	0	0	0.000343544	0	0	0	0	0	0
PYRIDOXSYN-PWY: pyridoxal 5'-phosphate biosynthesis I	0	0	0	0.000155848	0	0	0	0	0	0.000170159	0.000141085	0
PYRIDOXSYN-PWY: pyridoxal 5'-phosphate biosynthesis I|g__Neisseria.s__Neisseria_flavescens	0	0	0	3.07152e-05	0	0	0	0	0	0	0	0
RIBOSYN2-PWY: flavin biosynthesis I (bacteria and plants)	0	0	0	0.00028279	0.000429862	0	0	0	0.000235748	0.000357561	0.000360569	0
RIBOSYN2-PWY: flavin biosynthesis I (bacteria and plants)|g__Haemophilus.s__Haemophilus_parahaemolyticus	0	0	0	0	0	0	0	0	0	0.000170736	0	0
RIBOSYN2-PWY: flavin biosynthesis I (bacteria and plants)|g__Neisseria.s__Neisseria_subflava	0	0	0	0.000108665	0	0	0	0	0	0	0	0
RIBOSYN2-PWY: flavin biosynthesis I (bacteria and plants)|unclassified	0	0	0	0	0.000167342	0	0	0	0	0	0	0
SALVADEHYPOX-PWY: adenosine nucleotides degradation II	0	0	0	0	0	0	0	0	0.00039928	0	0	0
SER-GLYSYN-PWY: superpathway of L-serine and glycine biosynthesis I	0.000192333	0	0	0.000257566	0	0.000258657	0	0	0.000145311	0.000335011	0.000386432	0
SER-GLYSYN-PWY: superpathway of L-serine and glycine biosynthesis I|g__Haemophilus.s__Haemophilus_parahaemolyticus	0	0	0	0	0	0	0	0	0	0.000203457	0	0
SER-GLYSYN-PWY: superpathway of L-serine and glycine biosynthesis I|g__Haemophilus.s__Haemophilus_parainfluenzae	0	0	0	0	0	0	0	0	0	0	0.000292369	0
SER-GLYSYN-PWY: superpathway of L-serine and glycine biosynthesis I|g__Neisseria.s__Neisseria_flavescens	0	0	0	2.98489e-05	0	0	0	0	0	0	0	0
SER-GLYSYN-PWY: superpathway of L-serine and glycine biosynthesis I|g__Neisseria.s__Neisseria_subflava	0	0	0	9.84998e-05	0	0	0	0	0	0	0	0
SO4ASSIM-PWY: assimilatory sulfate reduction I	0	0	0	0	0	0	0	0	0.000161432	0	0	0
SO4ASSIM-PWY: assimilatory sulfate reduction I|g__Neisseria.s__Neisseria_flavescens	0	0	0	0	0	0	0	0	3.51827e-05	0	0	0
SO4ASSIM-PWY: assimilatory sulfate reduction I|g__Neisseria.s__Neisseria_subflava	0	0	0	0	0	0	0	0	9.37072e-05	0	0	0
THISYNARA-PWY: superpathway of thiamine diphosphate biosynthesis III (eukaryotes)	0	0	0	0	0	0.00032086	0	0	0	0.000212725	0	0
THRESYN-PWY: superpathway of L-threonine biosynthesis	0	0	0	0.00028544	0.000236717	0.000390393	0	0	0.000318441	0.000400962	0.000372386	0
THRESYN-PWY: superpathway of L-threonine biosynthesis|g__Haemophilus.s__Haemophilus_parainfluenzae	0	0	0	0	0	0	0	0	0	0	0.000252176	0
THRESYN-PWY: superpathway of L-threonine biosynthesis|g__Neisseria.s__Neisseria_flavescens	0	0	0	3.13462e-05	0	0	0	0	3.70557e-05	0	0	0
THRESYN-PWY: superpathway of L-threonine biosynthesis|g__Neisseria.s__Neisseria_subflava	0	0	0	7.33062e-05	0	0	0	0	2.74835e-05	0	0	0
TRNA-CHARGING-PWY: tRNA charging	0	0	0	0.000273704	0.000452786	0.000551193	0	0	0.000360506	0.000505407	0.000405147	0
TRNA-CHARGING-PWY: tRNA charging|g__Haemophilus.s__Haemophilus_parahaemolyticus	0	0	0	0	0	0	0	0	0	0.000133051	0	0
TRNA-CHARGING-PWY: tRNA charging|g__Prevotella.s__Prevotella_melaninogenica	0	0	0	0	0	0.000387705	0	0	0	0	0	0
UDPNAGSYN-PWY: UDP-N-acetyl-D-glucosamine biosynthesis I	0.00032624	0	0	0.000296089	0.000533012	0	0	0	0.000460298	0.000311373	0.000334966	0.000185547
UDPNAGSYN-PWY: UDP-N-acetyl-D-glucosamine biosynthesis I|g__Aggregatibacter.s__Aggregatibacter_segnis	0	0	0	0	0.0002585	0	0	0	0	0	0	0
UDPNAGSYN-PWY: UDP-N-acetyl-D-glucosamine biosynthesis I|g__Gemella.s__Gemella_sanguinis	0	0	0	0	0	0	0	0	0.000123632	0	0	0
UDPNAGSYN-PWY: UDP-N-acetyl-D-glucosamine biosynthesis I|g__Haemophilus.s__Haemophilus_parainfluenzae	0	0	0	0	0	0	0	0	0	0	0.000170725	0
UDPNAGSYN-PWY: UDP-N-acetyl-D-glucosamine biosynthesis I|g__Neisseria.s__Neisseria_flavescens	0	0	0	5.90835e-05	0	0	0	0	0	0	0	0
UDPNAGSYN-PWY: UDP-N-acetyl-D-glucosamine biosynthesis I|g__Neisseria.s__Neisseria_meningitidis	0	0	0	1.59159e-05	0	0	0	0	0	0	0	0
UDPNAGSYN-PWY: UDP-N-acetyl-D-glucosamine biosynthesis I|g__Neisseria.s__Neisseria_subflava	0	0	0	0.000102907	0	0	0	0	0	0	0	0
UDPNAGSYN-PWY: UDP-N-acetyl-D-glucosamine biosynthesis I|g__Veillonella.s__Veillonella_dispar	0	0	0	0	0	0	0	0	0	0	2.61772e-05	0
UDPNAGSYN-PWY: UDP-N-acetyl-D-glucosamine biosynthesis I|g__Veillonella.s__Veillonella_rogosae	0	0	0	0	0	0	0	0	0	0	9.89543e-05	0
UDPNAGSYN-PWY: UDP-N-acetyl-D-glucosamine biosynthesis I|unclassified	0	0	0	0	0.000141569	0	0	0	0	0.000117057	0	0
VALSYN-PWY: L-valine biosynthesis	0.000292843	0	0	0.000634916	0.000616282	0.000246937	0.000237009	0	0.000312038	0.000592625	0.000656173	0.000111842
VALSYN-PWY: L-valine biosynthesis|g__Aggregatibacter.s__Aggregatibacter_segnis	0	0	0	0	0.00030699	0	0	0	0	0	0	0
VALSYN-PWY: L-valine biosynthesis|g__Fusobacterium.s__Fusobacterium_nucleatum	0.000292843	0	0	0	0.000255729	0	0	0	0	0	0	0
VALSYN-PWY: L-valine biosynthesis|g__Haemophilus.s__Haemophilus_parahaemolyticus	0	0	0	0.000124421	0	0	0	0	0	0.000129196	0	0
VALSYN-PWY: L-valine biosynthesis|g__Haemophilus.s__Haemophilus_parainfluenzae	0	0	0	0	0	0	0	0	0	1.21642e-05	0.000236467	0
VALSYN-PWY: L-valine biosynthesis|g__Neisseria.s__Neisseria_flavescens	0	0	0	6.31465e-05	0	0	0	0	0	4.95017e-05	0	0
VALSYN-PWY: L-valine biosynthesis|g__Neisseria.s__Neisseria_subflava	0	0	0	9.75211e-05	0	0	0	0	0	8.4286e-05	0	0
VALSYN-PWY: L-valine biosynthesis|g__Rothia.s__Rothia_mucilaginosa	0	0	0	0	0	0	0	0	0	0	0.000184542	0
VALSYN-PWY: L-valine biosynthesis|g__Streptococcus.s__Streptococcus_australis	0	0	0	0	0	0	0	0	3.74672e-05	0	0	0
VALSYN-PWY: L-valine biosynthesis|g__Streptococcus.s__Streptococcus_infantis	0	0	0	0	0	0	0	0	6.85463e-05	0	0	0
VALSYN-PWY: L-valine biosynthesis|g__Streptococcus.s__Streptococcus_sp_A12	0	0	0	0	0	0	0	0	4.19086e-05	0	0	0
VALSYN-PWY: L-valine biosynthesis|g__Veillonella.s__Veillonella_atypica	0	0	0	0	0	0.000232428	0	0	0	0	0	0
VALSYN-PWY: L-valine biosynthesis|g__Veillonella.s__Veillonella_dispar	0	0	0	0	0	0	0	0	0	0	4.86824e-05	0
VALSYN-PWY: L-valine biosynthesis|unclassified	0	0	0	0	0	0	0	0	0	0	0.000150367	0.000111842
